time,p_deg_per_sec,q_deg_per_sec,r_deg_per_sec
0,0,0,0
0.1,30,57.29578,0
0.2,30,56.254002,140.307014
0.3,30,53.166554,162.101229
0.4,30,48.145711,46.973777
0.5,30,41.374053,-107.830905
0.6,30,33.097833,-171.554309
0.7,30,23.618014,-90.371334
0.8,30,13.279329,67.145385
0.9,30,2.457742,167.946568
1,30,-8.453221,126.888715
1.1,30,-19.056783,-21.347933
1.2,30,-28.967347,-151.552672
1.3,30,-37.824517,-153.745769
1.4,30,-45.306202,-26.074785
1.5,30,-51.140333,123.620726
1.6,30,-55.11475,168.897807
1.7,30,-57.084926,71.512371
1.8,30,-56.979216,-86.277253
1.9,30,-54.801462,-171.191271
2,30,-50.630859,-111.505557
2.1,30,-44.61907,42.365296
2.2,30,-36.984714,160.451553
2.3,30,-28.005413,143.009571
2.4,30,-18.007698,4.772028
2.5,30,-7.355136,-137.496293
2.6,30,3.564896,-163.62594
2.7,30,14.35529,-51.546046
2.8,30,24.623656,104.073126
2.9,30,33.996586,171.785094
3,30,42.133233,94.395747
3.1,30,48.73771,-62.726636
3.2,30,53.569845,-166.865857
3.3,30,56.453919,-130.058884
3.4,30,57.285053,16.604624
3.5,30,56.033022,149.242743
3.6,30,52.743356,155.820342
3.7,30,47.535684,30.781536
3.8,30,40.599382,-120.257438
3.9,30,32.186688,-169.718842
4,30,22.603529,-75.824228
4.1,30,12.198395,82.11666
4.2,30,1.349667,170.69626
4.3,30,-9.548141,115.094248
4.4,30,-20.098731,-37.724154
4.5,30,-29.918434,-158.678183
4.6,30,-38.650156,-145.601881
4.7,30,-45.97637,-9.540377
4.8,30,-51.630658,134.579575
4.9,30,-55.407402,165.024511
5,30,-57.169263,56.078578
5.1,30,-56.85217,-100.235117
5.2,30,-54.467654,-171.883449
5.3,30,-50.102427,-98.347389
5.4,30,-43.915232,58.259531
5.5,30,-36.131064,165.656509
5.6,30,-27.032994,133.12879
5.7,30,-16.951872,-11.848514
5.8,30,-6.254297,-146.817761
5.9,30,4.670715,-157.774792
6,30,15.425877,-35.464558
6.1,30,25.620078,116.801442
6.2,30,34.882608,170.40904
6.3,30,42.876636,80.077631
6.4,30,49.31146,-77.892764
6.5,30,53.953078,-170.069659
6.6,30,56.632698,-118.594212
6.7,30,57.252877,33.053931
6.8,30,55.791061,156.782488
6.9,30,52.300409,148.081946
7,30,46.907859,14.301372
7.1,30,39.809509,-131.559109
7.2,30,31.263491,-166.295864
7.3,30,21.58058,-60.567879
7.4,30,11.112893,96.319835
7.5,30,0.241088,171.849298
7.6,30,-10.639485,102.223215
7.7,30,-21.133155,-53.747512
7.8,30,-30.858319,-164.319454
7.9,30,-39.461324,-136.096066
8,30,-46.629322,7.083269
8.1,30,-52.101651,144.279596
8.2,30,-55.679308,159.607612
8.3,30,-57.232194,40.120239
8.4,30,-56.703837,-113.255403
8.5,30,-54.113451,-170.967868
8.6,30,-49.555236,-84.269302
8.7,30,-43.19495,73.608819
8.8,30,-35.263885,169.31195
8.9,30,-26.050452,122.002751
9,30,-15.889697,-28.358227
9.1,30,-5.151116,-154.765928
9.2,30,5.774786,-150.447853
9.3,30,16.490688,-19.051341
9.4,30,26.606907,128.437223
9.5,30,35.75557,167.439017
9.6,30,43.603985,65.010487
9.7,30,49.866747,-92.3303
9.8,30,54.316109,-171.682667
9.9,30,56.790272,-106.020237
10,30,57.199264,49.19406
10.1,30,55.52821,162.855725
10.2,30,51.837879,138.958424
10.3,30,46.262469,-2.312565
10.4,30,39.00473,-141.630205
10.5,30,30.328588,-161.31739
10.6,30,20.549551,-44.744991
10.7,30,10.023231,109.622055
10.8,30,-0.867582,171.394896
10.9,30,-11.726846,88.396009
11,30,-22.159665,-69.268128
11.1,30,-31.78665,-168.423717
11.2,30,-40.257716,-125.317238
11.3,30,-47.264816,23.640661
11.4,30,-52.553135,152.630058
11.5,30,-55.930366,152.697779
11.6,30,-57.273695,23.786624
11.7,30,-56.534272,-125.216324
11.8,30,-53.738987,-168.453091
11.9,30,-48.98949,-69.402979
12,30,-42.458495,88.269586
12.1,30,-34.383502,171.383685
12.2,30,-25.058156,109.735526
12.3,30,-14.821574,-44.602684
12.4,30,-4.046006,-161.266449
12.5,30,6.876694,-141.713659
12.6,30,17.549324,-2.459923
12.7,30,27.583774,138.87163
12.8,30,36.615144,162.902807
12.9,30,44.315008,49.33525
13,30,50.403362,-105.904198
13.1,30,54.658803,-171.689794
13.2,30,56.926582,-92.454571
13.3,30,57.124233,64.874038
13.4,30,55.244568,167.405645
13.5,30,51.355939,128.535116
13.6,30,45.599758,-18.90487
13.7,30,38.185347,-150.376524
13.8,30,29.38233,-154.82999
13.9,30,19.510827,-28.503569
14,30,8.929816,121.898895
14.1,30,-1.975928,169.337303
14.2,30,-12.809816,73.741967
14.3,30,-23.177878,-84.140825
14.4,30,-32.703078,-170.952582
14.5,30,-41.039035,-113.36622
14.6,30,-47.882611,39.976923
14.7,30,-52.984942,159.552852
14.8,30,-56.160481,144.359645
14.9,30,-57.293751,7.230514
15,30,-56.343539,-136.005999
15.1,30,-53.344401,-164.362641
15.2,30,-48.4054,-53.887475
15.3,30,-41.706142,102.104699
15.4,30,-33.490244,171.852335
15.5,30,-24.056478,96.44186
15.6,30,-13.7479,-60.429937
15.7,30,-2.939382,-166.258519
15.8,30,7.976027,-131.653906
15.9,30,18.601389,14.154505
16,30,28.550313,148.007064
16.1,30,37.461008,156.84284
16.2,30,45.009437,33.198541
16.3,30,50.921104,-118.487493
16.4,30,54.98103,-170.090972
16.5,30,57.041577,-78.024107
16.6,30,57.027814,79.947199
16.7,30,54.94024,170.389691
16.8,30,50.85477,116.909519
16.9,30,44.919973,-35.320343
17,30,37.351666,-157.716254
17.1,30,28.425069,-146.894344
17.2,30,18.464798,-11.995531
17.3,30,7.833057,133.035519
17.4,30,-3.083533,165.695767
17.5,30,-13.88799,58.398158
17.6,30,-24.187412,-98.226487
17.7,30,-33.607262,-171.882395
17.8,30,-41.804987,-100.3548
17.9,30,-48.482478,55.939249
18,30,-53.39691,164.983224
18.1,30,-56.369568,134.671203
18.2,30,-57.292354,-9.393229
18.3,30,-56.13171,-145.523504
18.4,30,-52.929842,-158.73478
18.5,30,-47.803186,-37.86792
18.6,30,-40.938173,114.984748
18.7,30,-32.584447,170.713517
18.8,30,-23.045792,82.246097
18.9,30,-12.669079,-75.691942
19,30,-1.831657,-169.695445
19.1,30,9.072374,-120.362692
19.2,30,19.646489,30.636535
19.3,30,29.506161,155.758071
19.4,30,38.292845,149.315801
19.5,30,45.687014,16.751301
19.6,30,51.41978,-129.962482
19.7,30,55.282671,-166.901157
19.8,30,57.135214,-62.863822
19.9,30,56.910041,94.272552
20,30,54.615341,171.779949
20.1,30,50.33456,104.190377
20.2,30,44.223368,-51.405438
20.3,30,36.503999,-163.580741
20.4,30,27.457165,-137.584681
20.5,30,17.411855,4.624711
20.6,30,6.733365,142.927759
20.7,30,-4.189984,160.50435
20.8,30,-14.960964,42.508106
20.9,30,-25.18789,-111.393361
21,30,-34.498862,-171.204457
21.1,30,-42.555286,-86.404684
21.2,30,-49.064192,71.378333
21.3,30,-53.788884,168.870379
21.4,30,-56.557549,123.723076
21.5,30,-57.269505,-25.929109
21.6,30,-55.898862,-153.679814
21.7,30,-52.495463,-151.622149
21.8,30,-47.183073,-21.494156
21.9,30,-40.154875,126.789255
22,30,-31.666449,167.977882
22.1,30,-22.026477,67.281023
22.2,30,-11.585514,-90.245941
22.3,30,-0.723246,-171.545076
22.4,30,10.165324,-107.945632
22.5,30,20.684232,46.831998
22.6,30,30.450961,162.052153
22.7,30,39.110344,140.392094
22.8,30,46.347484,0.147372
22.9,30,51.899202,-140.22183
23,30,55.563612,-162.150186
23.1,30,57.207457,-47.115522
23.2,30,56.770959,107.7161
23.3,30,54.269992,171.563415
23.4,30,49.795502,90.49666
23.5,30,43.510205,-67.009697
23.6,30,35.642664,-167.91513
23.7,30,26.478981,-126.988081
23.8,30,16.352393,21.201694
23.9,30,5.631152,151.483084
24,30,-5.294866,153.811611
24.1,30,-16.028336,26.220442
24.2,30,-26.178937,-123.518286
24.3,30,-35.377544,-168.925111
24.4,30,-43.289651,-71.646357
24.5,30,-49.627534,86.149759
24.6,30,-54.160718,171.177959
24.7,30,-56.724353,111.617671
24.8,30,-57.225213,-42.222454
24.9,30,-55.645085,-160.398638
25,30,-52.041429,-143.091278
25.1,30,-46.545293,-4.919342
25.2,30,-39.356542,137.407803
25.3,30,-30.736595,163.671019
25.4,30,-20.998915,51.686617
25.5,30,-10.497612,-103.9558
25.6,30,0.385436,-171.790113
25.7,30,11.254468,-94.518872
25.8,30,21.714231,62.589404
25.9,30,31.38436,166.830435
26,30,39.913199,130.155191
26.1,30,46.9906,-16.457935
26.2,30,52.359192,-149.169575
26.3,30,55.823748,-155.882498
26.4,30,57.25828,-30.926515
26.5,30,56.610621,120.152095
26.6,30,53.904323,169.742115
26.7,30,49.2378,75.956458
26.8,30,42.78075,-81.987163
26.9,30,34.767983,-170.678879
27,30,25.490882,-115.203664
27.1,30,15.286807,37.580362
27.2,30,4.52683,158.62147
27.3,30,-6.397765,145.680151
27.4,30,-17.089706,9.687519
27.5,30,-27.160181,-134.487848
27.6,30,-36.24298,-165.065677
27.7,30,-44.007807,-56.217866
27.8,30,-50.172295,100.115359
27.9,30,-54.512272,171.884377
28,30,-56.869917,98.468219
28.1,30,-57.159494,-58.12086
28.2,30,-55.370472,-165.617128
28.3,30,-51.567909,-133.221962
28.4,30,-45.890085,11.701488
28.5,30,-38.543473,146.741069
28.6,30,-29.795231,157.833214
28.7,30,-19.96349,35.608746
28.8,30,-9.405778,-116.693279
28.9,30,1.493974,-170.428264
29,30,12.339397,-80.208004
29.1,30,22.7361,77.761363
29.2,30,32.306007,170.048221
29.3,30,40.70111,118.700845
29.4,30,47.616121,-32.909298
29.5,30,52.799577,-156.72202
29.6,30,56.062983,-148.156719
29.7,30,57.287664,-14.448228
29.8,30,56.429086,131.464215
29.9,30,53.51847,166.333085
30,30,48.661661,60.705776
30.1,30,42.035277,-96.197739
30.2,30,33.880284,-171.846135
30.3,30,24.493238,-102.341656
30.4,30,14.215498,53.607511
30.5,30,3.420813,164.276146
30.6,30,-7.498269,136.186032
30.7,30,-18.144677,-6.93602
30.8,30,-28.131256,-144.199441
30.9,30,-37.094846,-159.662256
31,30,-44.709485,-40.263526
31.1,30,-50.698269,113.144503
31.2,30,-54.843416,170.983028
31.3,30,-56.994188,84.397717
31.4,30,-57.072373,-73.475616
31.5,30,-55.075127,-169.286472
31.6,30,-51.07508,-122.106518
31.7,30,-45.217694,28.212864
31.8,30,-37.715971,154.701752
31.9,30,-28.842712,150.519072
32,30,-18.92059,19.197798
32.1,30,-8.310423,-128.339235
32.2,30,2.601952,-167.472266
32.3,30,13.419707,-65.146888
32.4,30,23.749455,92.20596
32.5,30,33.215558,171.675415
32.6,30,41.47378,106.136197
32.7,30,48.223813,-49.052834
32.8,30,53.220192,-162.808523
32.9,30,56.281225,-139.045116
33,30,57.295598,2.165205
33.1,30,56.226422,141.546647
33.2,30,53.112579,161.368213
33.3,30,48.067302,44.887266
33.4,30,41.274064,-109.508503
33.5,30,32.979899,-171.40598
33.600001,30,23.486423,-88.522368
33.700001,30,13.138866,69.133227
33.800001,30,2.313516,168.39422
33.900001,30,-8.595965,125.41806
34.000001,30,-19.192855,-23.494681
34.100001,30,-29.091798,-152.562224
34.200001,30,-37.932822,-152.765389
34.300001,30,-45.394422,-23.932569
34.400001,30,-51.20526,125.115318
34.500001,30,-55.154024,168.482341
34.600001,30,-57.097118,69.537778
34.700001,30,-56.963882,-88.143098
34.800001,30,-54.75916,-171.372349
34.900001,30,-50.563128,-109.848917
35.000001,30,-44.528373,44.460343
35.100001,30,-36.874348,161.215389
35.200001,30,-27.879392,141.797008
35.300001,30,-17.870605,2.607279
35.400001,30,-7.211956,-138.784735
35.500001,30,3.708955,-162.94977
35.600001,30,14.494991,-49.476403
35.700001,30,24.753918,105.788082
35.800001,30,34.112672,171.696794
35.900001,30,42.230922,92.578775
36.000001,30,48.813449,-64.737542
36.100001,30,53.62088,-167.372151
36.200001,30,56.478394,-128.632915
36.300001,30,57.282078,18.758385
36.400001,30,56.002705,150.305084
36.500001,30,52.6868,154.893938
36.600001,30,47.454945,28.64889
36.700001,30,40.497397,-121.794948
36.800001,30,32.067165,-169.362532
36.900001,30,22.470814,-73.875061
37.000001,30,12.057315,84.012286
37.100001,30,1.205352,170.937171
37.200001,30,-9.690442,113.476954
37.300001,30,-20.233845,-39.833577
37.400001,30,-30.041447,-159.497973
37.500001,30,-38.756594,-144.439588
37.600001,30,-46.062363,-7.377753
37.700001,30,-51.693078,135.915832
37.800001,30,-55.443981,164.405708
37.900001,30,-57.178669,54.027398
38.000001,30,-56.834061,-101.986109
38.100001,30,-54.422689,-171.855246
38.200001,30,-50.032242,-96.563814
38.300001,30,-43.822378,60.29195
38.400001,30,-36.018918,166.221053
38.500001,30,-26.905634,131.748606
38.600001,30,-16.81393,-14.007628
38.700001,30,-6.110789,-147.932073
38.800001,30,4.814571,-156.903078
38.900001,30,15.564848,-33.343126
39.000001,30,25.749112,118.380686
39.100001,30,34.997013,170.11216
39.200001,30,42.97225,78.155392
39.300001,30,49.384807,-79.816709
39.400001,30,54.001491,-170.370216
39.500001,30,56.654416,-117.017511
39.600001,30,57.24711,35.176103
39.700001,30,55.758019,157.6576
39.800001,30,52.241294,146.970819
39.900001,30,46.82482,12.142539
40.000001,30,39.705566,-132.942151
40.100001,30,31.142424,-165.734904
40.200001,30,21.446792,-58.536742
40.300001,30,10.971249,98.105513
40.400001,30,0.096737,171.881214
40.500001,30,-10.781292,100.47441
40.600001,30,-21.26726,-55.799879
40.700001,30,-30.979847,-164.941815
40.800001,30,-39.565856,-134.762732
40.900001,30,-46.713056,9.246073
41.000001,30,-52.161541,145.44502
41.100001,30,-55.713178,158.79126
41.200001,30,-57.238811,38.011657
41.300001,30,-56.682961,-114.875164
41.400001,30,-54.065841,-170.730648
41.500001,30,-49.482623,-82.375474
41.600001,30,-43.099975,75.5596
41.700001,30,-35.150001,169.671922
41.800001,30,-25.921802,120.467857
41.900001,30,-15.750958,-30.491512
42.000001,30,-5.007333,-155.695687
42.100001,30,5.918383,-149.388749
42.200001,30,16.628878,-16.897965
42.300001,30,26.734665,129.865984
42.400001,30,35.86825,166.936335
42.500001,30,43.697489,63.000961
42.600001,30,49.937674,-94.149288
42.700001,30,54.361881,-171.774677
42.800001,30,56.809225,-104.30755
42.900001,30,57.190707,51.264792
43.000001,30,55.492455,163.535422
43.100001,30,51.776227,137.672968
43.200001,30,46.177162,-4.47739
43.300001,30,38.898869,-142.845842
43.400001,30,30.206023,-160.557029
43.500001,30,20.414739,-42.650885
43.600001,30,9.881074,111.281083
43.700001,30,-1.011914,171.217518
43.800001,30,-11.868104,86.532051
43.900001,30,-22.292712,-71.244242
44.000001,30,-31.906648,-168.842827
44.100001,30,-40.360302,-123.825335
44.200001,30,-47.346258,25.783414
44.300001,30,-52.610473,153.613747
44.400001,30,-55.961514,151.691514
44.500001,30,-57.27752,21.640364
44.600001,30,-56.510636,-126.689702
44.700001,30,-53.688749,-168.009073
44.800001,30,-48.914476,-67.416612
44.900001,30,-42.361434,90.120482
45.000001,30,-34.267923,171.535718
45.100001,30,-24.928263,108.060279
45.200001,30,-14.682089,-46.690184
45.300001,30,-3.902003,-162.002958
45.400001,30,7.019979,-140.477071
45.500001,30,17.686681,-0.294744
45.600001,30,27.710208,140.136544
45.700001,30,36.726057,162.199024
45.800001,30,44.406366,47.257233
45.900001,30,50.471843,-107.601215
46.000001,30,54.701917,-171.572395
46.100001,30,56.942762,-90.62192
46.200001,30,57.11289,66.873961
46.300001,30,55.206114,167.883569
46.400001,30,51.291773,127.087355
46.500001,30,45.512213,-21.05544
46.600001,30,38.077606,-151.413385
46.700001,30,29.258312,-153.877339
46.800001,30,19.375042,-26.36608
46.900001,30,8.787201,123.415754
47.000001,30,-2.120186,168.952291
47.100001,30,-12.950473,71.78029
47.200001,30,-23.309816,-86.022201
47.300001,30,-32.821501,-171.16452
47.400001,30,-41.139636,-111.729703
47.500001,30,-47.961733,42.079582
47.600001,30,-53.039706,160.345605
47.700001,30,-56.188896,143.172879
47.800001,30,-57.294784,5.066652
47.900001,30,-56.317152,-137.319213
48.000001,30,-53.291554,-163.715978
48.100001,30,-48.328015,-51.827149
48.200001,30,-41.607032,103.838397
48.300001,30,-33.373014,171.795006
48.400001,30,-23.925391,94.641928
48.500001,30,-13.607723,-62.452126
48.600001,30,-2.795212,-166.794889
48.700001,30,8.118947,-130.251402
48.800001,30,18.737861,16.311234
48.900001,30,28.675375,149.096297
49.000001,30,37.570112,155.944539
49.100001,30,45.098616,31.071471
49.200001,30,50.987114,-120.046665
49.300001,30,55.021471,-169.765263
49.400001,30,57.054979,-76.088633
49.500001,30,57.013688,81.857606
49.600001,30,54.899101,170.661371
49.700001,30,50.788114,115.312994
49.800001,30,44.830223,-37.436541
49.900001,30,37.242086,-158.56464
50.000001,30,28.299645,-145.758315
50.100001,30,18.32809,-9.834653
50.200001,30,7.690036,134.396022
50.300001,30,-3.227665,165.106722
50.400001,30,-14.027992,56.357112
50.500001,30,-24.318193,-99.995528
50.600001,30,-33.724066,-171.885179
50.700001,30,-41.903566,-98.588977
50.800001,30,-48.559249,57.982147
50.900001,30,-53.449079,165.577626
51.000001,30,-56.39524,133.315037
51.100001,30,-57.290594,-11.554453
51.200001,30,-56.102582,-146.66427
51.300001,30,-52.874405,-157.89152
51.400001,30,-47.723457,-35.752908
51.500001,30,-40.837051,116.58503
51.600001,30,-32.465609,170.447362
51.700001,30,-22.91356,80.338318
51.800001,30,-12.528261,-77.629906
51.900001,30,-1.687374,-170.026658
52.000001,30,9.214875,-118.80739
52.100001,30,19.782025,32.76464
52.200001,30,29.629805,156.661437
52.300001,30,38.4001,148.231384
52.400001,30,45.77398,14.595073
52.500001,30,51.483293,-131.369224
52.600001,30,55.320423,-166.370185
52.700001,30,57.145832,-60.843629
52.800001,30,56.893138,96.075573
52.900001,30,54.571532,171.842845
53.000001,30,50.265439,102.460022
53.100001,30,44.131448,-53.467469
53.200001,30,36.392622,-164.232717
53.300001,30,27.330382,-136.275899
53.400001,30,17.274276,6.788765
53.500001,30,6.589993,144.119179
53.600001,30,-4.333935,159.716782
53.700001,30,-15.100259,40.406783
53.800001,30,-25.317464,-113.033519
53.900001,30,-34.614003,-170.998062
54.000001,30,-42.651807,-84.52607
54.100001,30,-49.138583,73.34236
54.200001,30,-53.838439,169.26087
54.300001,30,-56.580467,122.210196
54.400001,30,-57.264953,-28.06748
54.500001,30,-55.867004,-154.637463
54.600001,30,-52.437459,-150.59018
54.700001,30,-47.101031,-19.344241
54.800001,30,-40.051779,128.241153
54.900001,30,-31.546048,167.505392
55.000001,30,-21.89315,65.283241
55.100001,30,-11.444109,-92.081552
55.200001,30,-0.578904,-171.668036
55.300001,30,10.307352,-106.25208
55.400001,30,20.818783,48.911573
55.500001,30,30.573141,162.761201
55.600001,30,39.21571,139.131705
55.700001,30,46.432204,-2.017844
55.800001,30,51.960196,-141.462985
55.900001,30,55.598661,-161.418917
56.000001,30,57.215288,-45.029508
56.100001,30,56.751286,109.39487
56.200001,30,54.22353,171.416939
56.300001,30,49.723942,88.648661
56.400001,30,43.416148,-68.998275
56.500001,30,35.529531,-168.364598
56.600001,30,26.350886,-125.518789
56.700001,30,16.213994,23.348683
56.800001,30,5.487482,152.494277
56.900001,30,-5.438582,152.832886
57.000001,30,-16.166872,24.078497
57.100001,30,-26.307256,-125.01422
57.200001,30,-35.490979,-168.511467
57.300001,30,-43.384077,-69.672526
57.400001,30,-49.699517,88.016545
57.500001,30,-54.207641,171.360886
57.600001,30,-56.744509,109.962227
57.700001,30,-57.21787,-44.31797
57.800001,30,-55.610509,-161.164211
57.900001,30,-51.980878,-141.880253
58.000001,30,-46.460968,-2.754633
58.100001,30,-39.25151,138.697737
58.200001,30,-30.614676,162.996613
58.300001,30,-20.864542,49.61752
58.400001,30,-10.355671,-105.671888
58.500001,30,0.529782,-171.703668
58.600001,30,11.39597,-92.702911
58.700001,30,21.847745,64.600998
58.800001,30,31.505029,167.338533
58.900001,30,40.016636,128.730619
59.000001,30,47.073043,-18.611886
59.100001,30,52.417643,-150.233533
59.200001,30,55.856082,-154.957772
59.300001,30,57.26332,-28.794191
59.400001,30,56.588184,121.690912
59.500001,30,53.855226,169.387636
59.600001,30,49.163827,74.0081
59.700001,30,42.684592,-83.883685
59.800001,30,34.653136,-170.921634
59.900001,30,25.361523,-113.587604
