time,phi_dot_deg_per_sec,theta_dot_deg_per_sec,psi_dot_deg_per_sec
0,0,0,0
0.025,0.52963,0.996465,0.363021
0.05,0.564737,0.975165,1.0697
0.075,0.629676,0.932419,1.719111
0.1,0.71457,0.868899,2.27585
0.125,0.806344,0.787578,2.708805
0.15,0.890809,0.695023,2.99308
0.175,0.955105,0.601747,3.111955
0.2,0.98986,0.521211,3.058546
0.225,0.990315,0.467598,2.836716
0.25,0.955996,0.452997,2.460847
0.275,0.889128,0.484838,1.954462
0.3,0.792557,0.564212,1.347976
0.325,0.668175,0.685296,0.676051
0.35,0.516564,0.835805,-0.025002
0.375,0.338068,0.998272,-0.719438
0.4,0.13494,1.15209,-1.373578
0.425,-0.086152,1.27627,-1.956422
0.45,-0.312137,1.352773,-2.439416
0.475,-0.522919,1.369937,-2.795931
0.5,-0.692781,1.325121,-3.001387
0.525,-0.794051,1.2255,-3.034972
0.55,-0.802461,1.086213,-2.883165
0.575,-0.70267,0.925876,-2.54399
0.6,-0.492036,0.760681,-2.030169
0.625,-0.18146,0.599156,-1.369728
0.65,0.206205,0.439631,-0.604142
0.675,0.638657,0.271507,0.214737
0.7,1.076457,0.080132,1.027927
0.725,1.475789,-0.146078,1.773164
0.75,1.793417,-0.408468,2.390768
0.775,1.994733,-0.693667,2.832149
0.8,2.062707,-0.974087,3.068727
0.825,2.002944,-1.213805,3.096716
0.85,1.841208,-1.377564,2.934529
0.875,1.614354,-1.439129,2.61419
0.9,1.359417,-1.386135,2.171685
0.925,1.10536,-1.220802,1.640607
0.95,0.869235,-0.957728,1.050198
0.975,0.656181,-0.620474,0.426265
1,0.461956,-0.238228,-0.207219
1.025,0.276933,0.156926,-0.827218
1.05,0.090702,0.532207,-1.411659
1.075,-0.103465,0.856237,-1.939748
1.1,-0.305017,1.101449,-2.391785
1.125,-0.504033,1.246889,-2.748189
1.15,-0.681137,1.280997,-2.988372
1.175,-0.809934,1.203538,-3.090849
1.2,-0.862283,1.025654,-3.036019
1.225,-0.815891,0.767287,-2.811891
1.25,-0.662223,0.452225,-2.421062
1.275,-0.41164,0.102318,-1.88566
1.3,-0.093284,-0.266683,-1.247409
1.325,0.250484,-0.645688,-0.562228
1.35,0.57309,-1.029075,0.108845
1.375,0.833474,-1.409549,0.709652
1.4,1.004121,-1.773885,1.197243
1.425,1.075553,-2.101753,1.54647
1.45,1.056277,-2.368153,1.749757
1.475,0.968665,-2.548227,1.812683
1.5,0.842651,-2.622328,1.747694
1.525,0.70942,-2.579613,1.568746
1.55,0.596375,-2.419335,1.288722
1.575,0.5235,-2.150032,0.919949
1.6,0.500824,-1.787324,0.476841
1.625,0.526955,-1.351355,-0.021008
1.65,0.5893,-0.864819,-0.547106
1.675,0.666662,-0.35212,-1.069053
1.7,0.734301,0.160478,-1.552421
1.725,0.770368,0.644574,-1.966244
1.75,0.761639,1.0703,-2.287862
1.775,0.706577,1.408479,-2.505034
1.8,0.614943,1.63392,-2.614724
1.825,0.50464,1.728826,-2.619716
1.85,0.397231,1.685228,-2.525182
1.875,0.313298,1.505795,-2.337019
1.9,0.268209,1.202969,-2.062601
1.925,0.268693,0.796857,-1.713245
1.95,0.310898,0.312646,-1.306722
1.975,0.380905,-0.22163,-0.867897
2,0.458146,-0.776425,-0.426431
2.025,0.52101,-1.321214,-0.012081
2.05,0.552705,-1.824883,0.350416
2.075,0.545298,-2.256708,0.644611
2.1,0.500858,-2.588278,0.862559
2.125,0.430108,-2.796026,1.002395
2.15,0.349767,-2.863693,1.064819
2.175,0.279619,-2.784086,1.050253
2.2,0.239498,-2.559699,0.957966
2.225,0.245782,-2.202115,0.787794
2.25,0.307107,-1.730398,0.544162
2.275,0.420117,-1.169008,0.24084
2.3,0.567501,-0.545976,-0.096365
2.325,0.720832,0.108069,-0.431842
2.35,0.848691,0.760128,-0.727872
2.375,0.926897,1.375167,-0.954559
2.4,0.945651,1.91756,-1.096705
2.425,0.910339,2.353822,-1.154282
2.45,0.836911,2.655913,-1.137499
2.475,0.745437,2.804064,-1.060203
2.5,0.654905,2.788491,-0.934998
2.525,0.580221,2.609894,-0.771362
2.55,0.530814,2.278989,-0.57634
2.575,0.509981,1.81536,-0.356651
2.6,0.51467,1.245938,-0.120902
2.625,0.536085,0.60333,0.119321
2.65,0.561648,-0.075859,0.35025
2.675,0.578245,-0.752743,0.558507
2.7,0.575708,-1.388041,0.734219
2.725,0.549123,-1.944233,0.873055
2.75,0.499143,-2.387891,0.976199
2.775,0.430688,-2.691934,1.048533
2.8,0.351081,-2.837488,1.096062
2.825,0.268582,-2.815151,1.123648
2.85,0.191613,-2.625575,1.133657
2.875,0.128348,-2.279386,1.125749
2.9,0.086067,-1.796463,1.097876
2.925,0.069843,-1.204655,1.048363
2.95,0.080835,-0.538002,0.978436
2.975,0.115222,0.165364,0.893965
3,0.164987,0.865459,0.805135
3.025,0.22065,1.522651,0.723949
3.05,0.274597,2.099742,0.660944
3.075,0.323178,2.56391,0.622929
3.1,0.366803,2.888488,0.612543
3.125,0.408517,3.054463,0.629059
3.15,0.452024,3.051593,0.669402
3.175,0.499848,2.879044,0.728667
3.2,0.551963,2.545516,0.800078
3.225,0.605075,2.06887,0.874793
3.25,0.652868,1.475288,0.942248
3.275,0.687496,0.797947,0.991588
3.3,0.702124,0.075205,1.01414
3.325,0.693542,-0.651683,1.005989
3.35,0.663477,-1.341173,0.969271
3.375,0.61783,-1.95408,0.91141
3.4,0.564311,-2.455965,0.842761
3.425,0.509789,-2.819079,0.773993
3.45,0.458514,-3.023798,0.714332
3.475,0.411569,-3.059562,0.670929
3.5,0.367375,-2.925335,0.648924
3.525,0.322906,-2.629574,0.65156
3.55,0.275359,-2.189692,0.679853
3.575,0.224009,-1.63104,0.73179
3.6,0.171642,-0.985473,0.801593
3.625,0.124726,-0.289621,0.879974
3.65,0.091743,0.417056,0.955995
3.675,0.080256,1.09436,1.020019
3.7,0.094246,1.703567,1.06617
3.725,0.133141,2.209676,1.0929
3.75,0.192605,2.583539,1.101572
3.775,0.266074,2.803681,1.09412
3.8,0.346006,2.857667,1.071001
3.825,0.424492,2.742917,1.030092
3.85,0.493584,2.466918,0.966705
3.875,0.545915,2.046778,0.874711
3.9,0.576025,1.508111,0.748611
3.925,0.582206,0.883299,0.58608
3.95,0.56805,0.209302,0.39002
3.975,0.542567,-0.47468,0.169018
4,0.518311,-1.129428,-0.064285
4.025,0.508071,-1.71766,-0.296186
4.05,0.521514,-2.205789,-0.514712
4.075,0.562948,-2.565606,-0.71084
4.1,0.630493,-2.775947,-0.877767
4.125,0.716184,-2.824241,-1.008881
4.15,0.806533,-2.70772,-1.095566
4.175,0.883687,-2.434035,-1.12612
4.2,0.927942,-2.020977,-1.08699
4.225,0.922376,-1.495051,-0.96695
4.25,0.859064,-0.888907,-0.763391
4.275,0.744268,-0.238126,-0.487817
4.3,0.598971,0.421689,-0.166701
4.325,0.453055,1.056679,0.164054
4.35,0.335539,1.635335,0.468593
4.375,0.265866,2.128762,0.719414
4.4,0.250002,2.511525,0.900694
4.425,0.281564,2.763321,1.006444
4.45,0.345692,2.871023,1.036031
4.475,0.423321,2.830375,0.989966
4.5,0.494748,2.646783,0.867753
4.525,0.542671,2.334916,0.668311
4.55,0.555139,1.917164,0.392528
4.575,0.528347,1.421281,0.046769
4.6,0.468383,0.877829,-0.354351
4.625,0.390651,0.318116,-0.787617
4.65,0.31634,-0.226966,-1.223978
4.675,0.266729,-0.727407,-1.633529
4.7,0.257347,-1.154547,-1.990501
4.725,0.294038,-1.482256,-2.276103
4.75,0.371949,-1.689039,-2.478345
4.775,0.477107,-1.760619,-2.589671
4.8,0.589619,-1.692197,-2.604258
4.825,0.687743,-1.489615,-2.51679
4.85,0.752422,-1.168896,-2.323645
4.875,0.771844,-0.754123,-2.026116
4.9,0.744997,-0.274164,-1.634047
4.925,0.682765,0.240738,-1.167703
4.95,0.60559,0.761441,-0.656395
4.975,0.538149,1.260891,-0.134056
5,0.502862,1.714008,0.366336
5.025,0.514394,2.097457,0.817148
5.05,0.576528,2.39026,1.197693
5.075,0.681535,2.575562,1.49297
5.1,0.811354,2.643119,1.690675
5.125,0.939931,2.59163,1.778284
5.15,1.036568,2.429885,1.741974
5.175,1.070634,2.175937,1.568545
5.2,1.017683,1.853978,1.250344
5.225,0.865996,1.48948,0.791667
5.25,0.62143,1.104204,0.213886
5.275,0.308442,0.713167,-0.443295
5.3,-0.033592,0.325084,-1.125563
5.325,-0.358051,-0.053862,-1.771914
5.35,-0.620901,-0.414896,-2.324765
5.375,-0.790213,-0.743,-2.739566
5.4,-0.85253,-1.016833,-2.991017
5.425,-0.813834,-1.212406,-3.073824
5.45,-0.69499,-1.308751,-2.99823
5.475,-0.523969,-1.29311,-2.783013
5.5,-0.328003,-1.1639,-2.449367
5.525,-0.127914,-0.931031,-2.017689
5.55,0.064763,-0.614201,-1.507207
5.575,0.248073,-0.24018,-0.937107
5.6,0.427884,0.160028,-0.327645
5.625,0.614544,0.553646,0.299544
5.65,0.818542,0.908226,0.921787
5.675,1.045884,1.193739,1.515604
5.7,1.293931,1.385131,2.05606
5.725,1.548497,1.465511,2.515221
5.75,1.783169,1.429613,2.860841
5.775,1.962147,1.286393,3.057382
5.8,2.047475,1.059126,3.071262
5.825,2.009653,0.781552,2.880014
5.85,1.837672,0.490182,2.481687
5.875,1.543444,0.215153,1.899287
5.9,1.158426,-0.026621,1.177684
5.925,0.725147,-0.233192,0.375238
5.95,0.288517,-0.414021,-0.445224
5.975,-0.110086,-0.583134,-1.22313
6,-0.436188,-0.751771,-1.904572
6.025,-0.664747,-0.922953,-2.445793
6.05,-0.782716,-1.089537,-2.816353
6.075,-0.790796,-1.236166,-3.001181
6.1,-0.702884,-1.344208,-3.000233
6.125,-0.54256,-1.397693,-2.82552
6.15,-0.33761,-1.388114,-2.496812
6.175,-0.114484,-1.316701,-2.037907
6.2,0.105698,-1.19399,-1.47468
6.225,0.308903,-1.037391,-0.834847
6.25,0.487851,-0.867833,-0.148536
6.275,0.640178,-0.706401,0.551349
6.3,0.76591,-0.571509,1.229564
6.325,0.865123,-0.476785,1.849893
6.35,0.936534,-0.429683,2.377246
6.375,0.977504,-0.430848,2.780185
6.4,0.985363,-0.474422,3.033571
6.425,0.959476,-0.549413,3.120922
6.45,0.903095,-0.642034,3.036037
6.475,0.824111,-0.738469,2.783524
6.5,0.734348,-0.82729,2.378166
6.525,0.647665,-0.900785,1.843402
6.55,0.577544,-0.954931,1.209368
6.575,0.534877,-0.988306,0.510892
6.6,0.52634,-1.000604,-0.214386
6.625,0.553484,-0.991514,-0.927752
6.65,0.6125,-0.960487,-1.591079
6.675,0.694657,-0.907515,-2.168457
6.7,0.787475,-0.834572,-2.627901
6.725,0.876638,-0.747061,-2.943182
6.75,0.948427,-0.654474,-3.09576
6.775,0.992065,-0.569746,-3.076543
6.8,1.001242,-0.507257,-2.887036
6.825,0.974231,-0.480041,-2.539428
6.85,0.912617,-0.497021,-2.055487
6.875,0.819282,-0.561027,-1.46446
6.9,0.696636,-0.667923,-0.800454
6.925,0.545915,-0.80685,-0.099769
6.95,0.367908,-0.961384,0.601417
6.975,0.164867,-1.11149,1.268701
7,-0.057043,-1.236215,1.870222
7.025,-0.285638,-1.316986,2.376584
7.05,-0.501826,-1.341088,2.760385
7.075,-0.680667,-1.3045,2.996256
7.1,-0.794705,-1.213037,3.062376
7.125,-0.819111,-1.080913,2.943772
7.15,-0.737232,-0.9266,2.63652
7.175,-0.544593,-0.767015,2.151053
7.2,-0.250046,-0.612026,1.513027
7.225,0.125661,-0.461386,0.761663
7.25,0.552341,-0.305332,-0.053238
7.275,0.992563,-0.128874,-0.874398
7.3,1.403894,0.081388,-1.640428
7.325,1.742938,0.329917,-2.290876
7.35,1.972573,0.606956,-2.774034
7.375,2.071033,0.887817,-3.056096
7.4,2.038408,1.137675,-3.127396
7.425,1.896174,1.320202,-3.001745
7.45,1.679428,1.406438,-2.708988
7.475,1.425952,1.380611,-2.28515
7.5,1.167047,1.241747,-1.765046
7.525,0.922633,1.001958,-1.179293
7.55,0.700477,0.683138,-0.554696
7.575,0.498284,0.313508,0.084189
7.6,0.307487,-0.075296,0.713938
7.625,0.117801,-0.450551,1.312059
7.65,-0.078205,-0.780568,1.857244
7.675,-0.281296,-1.037058,2.329276
7.7,-0.483144,-1.197884,2.708197
7.725,-0.665868,-1.249896,2.973201
7.75,-0.804038,-1.191057,3.102536
7.775,-0.869532,-1.030838,3.075867
7.8,-0.838843,-0.788056,2.879601
7.825,-0.701065,-0.486176,2.513774
7.85,-0.46354,-0.14749,1.997391
7.875,-0.152552,0.211488,1.36926
7.9,0.191424,0.581221,0.683395
7.925,0.522188,0.956467,0.00053
7.95,0.797344,1.331233,-0.621699
7.975,0.986586,1.694091,-1.137357
8,1.076888,2.026297,-1.517575
8.025,1.073405,2.303573,-1.751333
8.05,0.99616,2.500633,-1.841849
8.075,0.87409,2.596403,-1.80054
8.1,0.73863,2.578038,-1.641338
8.125,0.618369,2.44271,-1.377473
8.15,0.535118,2.197165,-1.021386
8.175,0.501145,1.855702,-0.587026
8.2,0.517465,1.437575,-0.092977
8.225,0.573669,0.964829,0.435451
8.25,0.650007,0.461219,0.9666
8.275,0.721976,-0.047756,1.465801
8.3,0.766596,-0.53448,1.900668
8.325,0.768454,-0.969578,2.246254
8.35,0.723446,-1.323741,2.48786
8.375,0.63912,-1.570849,2.620517
8.4,0.532005,-1.691459,2.64596
8.425,0.423279,-1.675524,2.569077
8.45,0.334045,-1.52356,2.395807
8.475,0.280943,-1.246103,2.133397
8.5,0.272513,-0.861782,1.792582
8.525,0.306914,-0.394762,1.390157
8.55,0.37195,0.127595,0.95003
8.575,0.447966,0.676233,0.501465
8.6,0.513151,1.221025,0.074746
8.625,0.54949,1.731098,-0.303998
8.65,0.547248,2.175664,-0.616507
8.675,0.5067,2.525766,-0.853176
8.7,0.437209,2.756755,-1.011039
8.725,0.354764,2.850855,-1.090321
8.75,0.279083,2.799107,-1.091343
8.775,0.23062,2.602225,-1.013217
8.8,0.227126,2.270207,-0.855107
8.825,0.27939,1.82084,-0.619977
8.85,0.38671,1.277593,-0.319533
8.875,0.534151,0.667648,0.022341
8.9,0.694309,0.020767,0.370693
8.925,0.834667,-0.630948,0.68641
8.95,0.928043,-1.253155,0.936364
8.975,0.960972,-1.810366,1.101509
9,0.935941,-2.268446,1.178818
9.025,0.867557,-2.597952,1.177102
9.05,0.776011,-2.777193,1.110276
9.075,0.681323,-2.794246,0.991796
9.1,0.599807,-2.647709,0.832075
9.125,0.542381,-2.346384,0.638715
9.15,0.513799,-1.908217,0.418463
9.175,0.512332,-1.358804,0.179546
9.2,0.530176,-0.729721,-0.066881
9.225,0.555138,-0.05684,-0.307119
9.25,0.573708,0.621361,-0.527203
9.275,0.574658,1.265612,-0.71607
9.3,0.551738,1.837937,-0.867949
9.325,0.504449,2.303964,-0.982794
9.35,0.437033,2.635221,-1.064751
9.375,0.356651,2.81112,-1.11961
9.4,0.271789,2.820361,-1.152371
9.425,0.191336,2.66166,-1.16565
9.45,0.124078,2.3438,-1.159253
9.475,0.078027,1.885022,-1.131036
9.5,0.059057,1.311815,-1.078983
9.525,0.06904,0.657203,-1.003904
9.55,0.104483,-0.041346,-0.911513
9.575,0.157052,-0.74414,-0.812411
9.6,0.216314,-1.411461,-0.719631
9.625,0.273419,-2.005631,-0.645028
9.65,0.323691,-2.492952,-0.596585
9.675,0.367059,-2.845507,-0.57769
9.7,0.406687,-3.042735,-0.587967
9.725,0.446879,-3.07264,-0.624494
9.75,0.491078,-2.932529,-0.682558
9.775,0.540327,-2.629235,-0.755718
9.8,0.592355,-2.178839,-0.835533
9.825,0.641549,-1.605911,-0.911651
9.85,0.680133,-0.942298,-0.972901
9.875,0.700537,-0.225424,-1.009547
9.9,0.698163,0.503874,-1.015984
9.925,0.673197,1.203893,-0.992515
9.95,0.630423,1.83473,-0.945142
9.975,0.577202,2.360767,-0.883527
10,0.520797,2.752737,-0.818318
10.025,0.466321,2.989277,-0.759087
10.05,0.415889,3.057972,-0.713384
10.075,0.368894,2.955909,-0.686634
10.1,0.323044,2.689733,-0.682271
10.125,0.275893,2.275214,-0.701557
10.15,0.226551,1.736316,-0.743001
10.175,0.17711,1.10385,-0.80172
10.2,0.132993,0.413784,-0.86958
10.225,0.101684,-0.294681,-0.936718
10.25,0.090171,-0.98121,-0.994152
10.275,0.102437,-1.60656,-1.036141
10.3,0.138361,-2.134837,-1.060929
10.325,0.194264,-2.535648,-1.069607
10.35,0.264269,-2.785973,-1.063991
10.375,0.341473,-2.871598,-1.044625
10.4,0.418523,-2.788031,-1.009616
10.425,0.487854,-2.54083,-0.954479
10.45,0.542171,-2.145298,-0.87304
10.475,0.575605,-1.625508,-0.759298
10.5,0.585512,-1.012697,-0.60989
10.525,0.574197,-0.343161,-0.426321
10.55,0.549439,0.344078,-0.215819
10.575,0.523072,1.009545,0.009857
10.6,0.507926,1.615343,0.237211
10.625,0.514403,2.126957,0.453961
10.65,0.547987,2.514954,0.650637
10.675,0.608174,2.75665,0.820259
10.7,0.688435,2.837668,0.956524
10.725,0.776701,2.75322,1.051587
10.75,0.856326,2.508834,1.094668
10.775,0.908182,2.120282,1.07269
10.8,0.914723,1.612421,0.973753
10.825,0.865853,1.016894,0.792996
10.85,0.764493,0.369049,0.538437
10.875,0.628301,-0.295078,0.233013
10.9,0.485231,-0.940828,-0.08957
10.925,0.364447,-1.535806,-0.393638
10.95,0.287233,-2.050241,-0.650268
10.975,0.26209,-2.457734,-0.841639
11,0.284957,-2.736776,-0.960107
11.025,0.34263,-2.872738,-1.00412
11.05,0.416957,-2.859626,-0.973893
11.075,0.488465,-2.701042,-0.868861
11.1,0.539419,-2.41001,-0.687653
11.125,0.556773,-2.007642,-0.430298
11.15,0.53507,-1.520926,-0.101679
11.175,0.478531,-0.980167,0.285424
11.2,0.401031,-0.416803,0.709426
11.225,0.323118,0.137938,1.142168
11.25,0.266573,0.653607,1.55366
11.275,0.248392,1.100958,1.917305
11.3,0.276382,1.452994,2.213264
11.325,0.347617,1.68692,2.428787
11.35,0.449626,1.7867,2.55606
11.375,0.563364,1.745444,2.589347
11.4,0.667107,1.566833,2.523307
11.425,0.740865,1.265003,2.353684
11.45,0.770953,0.862761,2.080229
11.475,0.753873,0.388483,1.710489
11.5,0.698052,-0.12735,1.262266
11.525,0.62227,-0.654909,0.762997
11.55,0.55084,-1.166346,0.245862
11.575,0.507152,-1.635874,-0.255781
11.6,0.507806,-2.039509,-0.713215
11.625,0.558951,-2.355489,-1.104608
11.65,0.655191,-2.565807,-1.414248
11.675,0.780487,-2.658601,-1.629745
11.7,0.910274,-2.630571,-1.738921
11.725,1.014564,-2.488417,-1.72821
11.75,1.062311,-2.248465,-1.583911
11.775,1.027294,-1.934006,-1.296601
11.8,0.894765,-1.570737,-0.867501
11.825,0.666935,-1.181667,-0.314202
11.85,0.364977,-0.783564,0.327063
11.875,0.026227,-0.386664,1.00418
11.9,-0.302989,0.002117,1.656546
11.925,-0.577208,0.374174,2.225179
11.95,-0.761817,0.71517,2.662823
11.975,-0.84021,1.004329,2.940978
12,-0.815647,1.217576,3.051525
12.025,-0.707348,1.333025,3.002806
12.05,-0.542911,1.336361,2.812671
12.075,-0.350273,1.22418,2.501995
12.1,-0.151627,1.004693,2.091
12.125,0.039865,0.696261,1.598599
12.15,0.220765,0.324781,1.043468
12.175,0.395945,-0.07918,0.445302
12.2,0.575507,-0.48291,-0.174727
12.225,0.770601,-0.85367,-0.794299
12.25,0.98881,-1.160705,-1.390351
12.275,1.229854,-1.377631,-1.938699
12.3,1.482372,-1.485457,-2.41262
12.325,1.722653,-1.476033,-2.781276
12.35,1.91655,-1.35495,-3.009916
12.375,2.025644,-1.142345,-3.063986
12.4,2.0173,-0.870037,-2.917564
12.425,1.875354,-0.574616,-2.563231
12.45,1.606323,-0.288362,-2.018184
12.475,1.237915,-0.031596,-1.323
12.5,0.811356,0.190309,-0.534136
12.525,0.372286,0.384408,0.285401
12.55,-0.036092,0.563798,1.073599
12.575,-0.377101,0.740141,1.774521
12.6,-0.623432,0.917712,2.342096
12.625,-0.759794,1.090778,2.743429
12.65,-0.784836,1.244923,2.961035
12.675,-0.710879,1.361626,2.992778
12.7,-0.560677,1.42419,2.849093
12.725,-0.362022,1.422814,2.548671
12.75,-0.142038,1.357297,2.114527
12.775,0.077122,1.236977,1.5718
12.8,0.2804,1.078543,0.947386
12.825,0.459795,0.902769,0.270525
12.85,0.612716,0.731122,-0.426688
12.875,0.739476,0.582875,-1.109585
12.9,0.840787,0.472912,-1.742138
12.925,0.916049,0.41025,-2.288946
12.95,0.962982,0.397255,-2.717691
12.975,0.978662,0.4297,-3.00176
13,0.961517,0.497828,-3.12268
13.025,0.913363,0.588431,-3.071946
13.05,0.84056,0.687525,-2.85185
13.075,0.753745,0.782893,-2.475132
13.1,0.666241,0.865714,-1.963643
13.125,0.591746,0.930883,-1.34643
13.15,0.542017,0.976154,-0.657668
13.175,0.525047,1.000712,0.065314
13.2,0.543922,1.003921,0.78385
13.225,0.596347,0.984874,1.459622
13.25,0.674854,0.94295,2.056273
13.275,0.767731,0.879186,2.541036
13.3,0.860743,0.79782,2.886474
13.325,0.939494,0.707241,3.072351
13.35,0.991914,0.619691,3.087449
13.375,1.010132,0.549554,2.930919
13.4,0.99104,0.510639,2.612682
13.425,0.935395,0.513264,2.152617
13.45,0.845935,0.561978,1.578654
13.475,0.725472,0.654381,0.924208
13.5,0.575874,0.781124,0.225462
13.525,0.39843,0.926919,-0.481056
13.55,0.195496,1.0724,-1.160267
13.575,-0.027155,1.196747,-1.779474
13.6,-0.258141,1.280949,-2.308433
13.625,-0.479344,1.311316,-2.718949
13.65,-0.666636,1.282487,-2.984864
13.675,-0.792861,1.198895,-3.083369
13.7,-0.832754,1.073748,-2.998094
13.725,-0.768475,0.925248,-2.723234
13.75,-0.593828,0.770916,-2.266987
13.775,-0.315705,0.621907,-1.652684
13.8,0.047159,0.479442,-0.917326
13.825,0.466622,0.334767,-0.108678
13.85,0.907281,0.172828,0.717757
13.875,1.32831,-0.021286,1.501721
13.9,1.686645,-0.25493,2.182477
13.925,1.943292,-0.52197,2.705822
13.95,2.072229,-0.800915,3.033166
13.975,2.068047,-1.058526,3.148945
14,1.947472,-1.257887,3.061899
14.025,1.743172,-1.367606,2.799054
14.05,1.493133,-1.368557,2.395998
14.075,1.230713,-1.256448,1.888576
14.1,0.97866,-1.04071,1.308814
14.125,0.747471,-0.741389,0.684633
14.15,0.536978,-0.385598,0.041273
14.175,0.339871,-0.004431,-0.597411
14.2,0.146188,0.369508,-1.208518
14.225,-0.05205,0.704285,-1.770251
14.25,-0.256813,0.97096,-2.261878
14.275,-0.461333,1.146289,-2.663042
14.3,-0.649257,1.215594,-2.952694
14.325,-0.796237,1.175056,-3.108828
14.35,-0.874344,1.03244,-3.110453
14.375,-0.859076,0.805335,-2.942514
14.4,-0.737341,0.516769,-2.602623
14.425,-0.513558,0.189388,-2.106732
14.45,-0.211117,-0.159514,-1.490663
14.475,0.131584,-0.519838,-0.806325
14.5,0.469012,-0.886546,-0.113822
14.525,0.757785,-1.254799,0.52809
14.55,0.965098,-1.614946,1.070787
14.575,1.074497,-1.949955,1.481785
14.6,1.087692,-2.236509,1.7465
14.625,1.022103,-2.449144,1.865518
14.65,0.90537,-2.565542,1.848945
14.675,0.768926,-2.570936,1.710501
14.7,0.642367,-2.460398,1.463719
14.725,0.549213,-2.238805,1.121224
14.75,0.503907,-1.919038,0.696629
14.775,0.509866,-1.519399,0.207594
14.8,0.558955,-1.061265,-0.321754
14.825,0.63307,-0.567772,-0.860643
14.85,0.708235,-0.063678,-1.374404
14.875,0.760631,0.424205,-1.829478
14.9,0.772839,0.8671,-2.198773
14.925,0.738207,1.235734,-2.465106
14.95,0.661938,1.503242,-2.621413
14.975,0.558976,1.648678,-2.668165
15,0.449894,1.659984,-2.609804
15.025,0.35614,1.535518,-2.452254
15.05,0.295492,1.283842,-2.202679
15.075,0.278221,0.922018,-1.871316
15.1,0.304495,0.473108,-1.474042
15.125,0.363935,-0.036253,-1.033772
15.15,0.437992,-0.577528,-0.579243
15.175,0.504878,-1.121007,-0.141083
15.2,0.545528,-1.636112,0.253332
15.225,0.548485,-2.092073,0.583972
15.25,0.512185,-2.459494,0.839513
15.275,0.444513,-2.712754,1.015768
15.3,0.360586,-2.832632,1.112379
15.325,0.279906,-2.808434,1.129529
15.35,0.223392,-2.639086,1.06622
15.375,0.210021,-2.332959,0.921057
15.4,0.252618,-1.906522,0.695674
15.425,0.353129,-1.38223,0.39973
15.45,0.499203,-0.786431,0.055008
15.475,0.664869,-0.14804,-0.304597
15.5,0.816971,0.501755,-0.639028
15.525,0.925606,1.129409,-0.912181
15.55,0.973577,1.699748,-1.101091
15.575,0.960142,2.178183,-1.199379
15.6,0.898172,2.534013,-1.214068
15.625,0.807696,2.743703,-1.158865
15.65,0.709636,2.793199,-1.047992
15.675,0.621687,2.678958,-0.892847
15.7,0.556278,2.407813,-0.70171
15.725,0.519654,1.996014,-0.481475
15.75,0.511472,1.467764,-0.240057
15.775,0.525029,0.853556,0.011856
15.8,0.548679,0.188471,0.260746
15.825,0.568692,-0.489485,0.492219
15.85,0.572896,-1.141143,0.69413
15.875,0.553719,-1.728174,0.859285
15.9,0.509426,-2.215362,0.98633
15.925,0.443449,-2.572934,1.078558
15.95,0.36266,-2.77864,1.141448
15.975,0.275683,-2.819307,1.180085
16,0.191814,-2.69171,1.197335
16.025,0.120423,-2.402765,1.193181
16.05,0.070254,-1.969027,1.165416
16.075,0.048033,-1.415576,1.111665
16.1,0.056456,-0.774353,1.03224
16.125,0.09253,-0.082103,0.93255
16.15,0.147767,0.621851,0.823465
16.175,0.21085,1.297787,0.718972
16.2,0.271634,1.907639,0.632302
16.225,0.324264,2.41692,0.572744
16.25,0.368007,2.796543,0.544576
16.275,0.406009,3.024454,0.54785
16.3,0.443089,3.086934,0.579807
16.325,0.483567,2.979445,0.635882
16.35,0.529556,2.706954,0.709918
16.375,0.579865,2.283741,0.793876
16.4,0.62971,1.73273,0.877703
16.425,0.671585,1.084372,0.950076
16.45,0.697393,0.375065,1.000391
16.475,0.701277,-0.354897,1.02148
16.5,0.681861,-1.063785,1.011789
16.525,0.642655,-1.711098,0.975748
16.55,0.59046,-2.260126,0.922132
16.575,0.532749,-2.68014,0.861418
16.6,0.475394,-2.948068,0.803461
16.625,0.421507,-3.049651,0.756225
16.65,0.37146,-2.98009,0.725472
16.675,0.323752,-2.744197,0.71485
16.7,0.276383,-2.356054,0.725852
16.725,0.228448,-1.838181,0.757416
16.75,0.181502,-1.220263,0.805427
16.775,0.140049,-0.53752,0.862798
16.8,0.110596,0.171194,0.920719
16.825,0.09947,0.865493,0.970948
16.85,0.11051,1.505686,1.008014
16.875,0.1439,2.055052,1.030066
16.9,0.196524,2.482017,1.037985
16.925,0.263153,2.762064,1.033472
16.95,0.337521,2.879238,1.017139
16.975,0.412854,2.827152,0.987301
17,0.482038,2.60943,0.939698
17.025,0.537953,2.239532,0.868178
17.05,0.574459,1.739924,0.76635
17.075,0.588102,1.140607,0.629925
17.1,0.579955,0.477106,0.459061
17.125,0.556519,-0.211835,0.259577
17.15,0.528768,-0.886569,0.042217
17.175,0.509392,-1.508647,-0.179883
17.2,0.509384,-2.042679,-0.39422
17.225,0.535317,-2.458063,-0.590882
17.25,0.588012,-2.730646,-0.762623
17.275,0.662349,-2.844308,-0.903331
17.3,0.747668,-2.79228,-1.005831
17.325,0.828582,-2.577989,-1.060252
17.35,0.886713,-2.215158,-1.054135
17.375,0.904204,-1.726901,-0.975214
17.4,0.869165,-1.143696,-0.816761
17.425,0.781424,-0.500472,-0.583568
17.45,0.655259,0.166452,-0.294996
17.475,0.516354,0.821692,0.017772
17.5,0.393576,1.431982,0.319675
17.525,0.309718,1.966662,0.580676
17.55,0.275698,2.398371,0.781055
17.575,0.289819,2.704431,0.911446
17.6,0.34066,2.868747,0.969258
17.625,0.411123,2.883616,0.954322
17.65,0.48211,2.750829,0.865999
17.675,0.535603,2.481713,0.702696
17.7,0.557604,2.096016,0.46371
17.725,0.541102,1.619847,0.152542
17.75,0.488454,1.083154,-0.219834
17.775,0.411887,0.517433,-0.633559
17.8,0.331101,-0.045788,-1.061535
17.825,0.268156,-0.575642,-1.473865
17.85,0.241362,-1.042339,-1.843222
17.875,0.260434,-1.418078,-2.148707
17.9,0.324408,-1.678854,-2.376723
17.925,0.422416,-1.806955,-2.519119
17.95,0.536402,-1.793447,-2.570227
17.975,0.644849,-1.639829,-2.524783
18,0.727053,-1.358263,-2.378084
18.025,0.767655,-0.970115,-2.128559
18.05,0.760762,-0.503089,-1.781587
18.075,0.712273,0.012247,-1.352473
18.1,0.639071,0.545457,-0.866593
18.125,0.564802,1.067899,-0.35611
18.15,0.51356,1.553049,0.145453
18.175,0.503719,1.976269,0.608393
18.2,0.543737,2.315042,1.009693
18.225,0.630586,2.550289,1.332814
18.25,0.750324,2.668622,1.565163
18.275,0.880009,2.664796,1.694866
18.3,0.990557,2.543414,1.708705
18.325,1.050791,2.318954,1.592713
18.35,1.033014,2.013598,1.336
18.375,0.91967,1.653013,0.936951
18.4,0.709359,1.261253,0.409429
18.425,0.419768,0.856762,-0.213987
18.45,0.085864,0.451378,-0.88373
18.475,-0.246688,0.05291,-1.539969
18.5,-0.531274,-0.330049,-2.122622
18.525,-0.730729,-0.683778,-2.581879
18.55,-0.825272,-0.988102,-2.886037
18.575,-0.815285,-1.218969,-3.024029
18.6,-0.718124,-1.353691,-3.00214
18.625,-0.560809,-1.376463,-2.837175
18.65,-0.371827,-1.282068,-2.549646
18.675,-0.174667,-1.076966,-2.159626
18.7,0.015893,-0.778111,-1.685739
18.725,0.19487,-0.410448,-1.146169
18.75,0.366008,-0.004041,-0.56003
18.775,0.538989,0.408524,0.051999
18.8,0.725427,0.794287,0.667957
18.825,0.93429,1.121867,1.26514
18.85,1.167502,1.363699,1.819994
18.875,1.416457,1.498882,2.306894
18.9,1.660244,1.516557,2.69642
18.925,1.866714,1.419025,2.954867
18.95,1.997583,1.223172,3.047252
18.975,2.017728,0.958536,2.944826
19,1.906183,0.661288,2.635077
19.025,1.663927,0.365408,2.129283
19.05,1.314365,0.094417,1.463209
19.075,0.896797,-0.142811,0.690801
19.1,0.457162,-0.350661,-0.125194
19.125,0.040321,-0.540991,-0.921532
19.15,-0.314852,-0.725643,-1.640297
19.175,-0.578708,-0.91003,-2.233086
19.2,-0.733618,-1.089827,-2.6645
19.225,-0.776066,-1.251657,-2.91458
19.25,-0.716661,-1.377243,-2.979019
19.275,-0.57719,-1.449265,-2.866601
19.3,-0.385328,-1.456683,-2.594899
19.325,-0.168808,-1.397847,-2.186138
19.35,0.049194,-1.280834,-1.664744
19.375,0.252537,-1.121524,-1.056806
19.4,0.4324,-0.940437,-0.390676
19.425,0.585845,-0.759333,0.302402
19.45,0.713372,-0.598249,0.988396
19.475,0.816295,-0.473242,1.631553
19.5,0.894742,-0.394824,2.196277
19.525,0.946929,-0.367048,2.649502
19.55,0.96987,-0.387354,2.963282
19.575,0.961234,-0.44734,3.117274
19.6,0.921506,-0.534558,3.100729
19.625,0.855494,-0.635044,2.913599
19.65,0.772519,-0.735932,2.566486
19.675,0.685172,-0.827354,2.079527
19.7,0.607166,-0.903103,1.480561
19.725,0.550961,-0.960043,0.80302
19.75,0.525766,-0.996784,0.083865
19.775,0.536165,-1.012344,-0.638319
19.8,0.581415,-1.005482,-1.325056
19.825,0.655404,-0.975038,-1.939588
19.85,0.747351,-0.921175,-2.448452
19.875,0.843303,-0.846987,-2.823115
19.9,0.928387,-0.759694,-3.041773
19.925,0.989374,-0.6707,-3.09118
19.95,1.016849,-0.5942,-2.968161
19.975,1.00623,-0.544591,-2.680313
20,0.957262,-0.533469,-2.245502
20.025,0.872352,-0.567066,-1.690191
20.05,0.754579,-0.644754,-1.046957
20.075,0.606396,-0.758772,-0.351752
20.1,0.429632,-0.895061,0.358635
20.125,0.226842,-1.035025,1.048507
20.15,0.003521,-1.158076,1.684356
20.175,-0.229665,-1.244862,2.235086
20.2,-0.455529,-1.280796,2.671702
20.225,-0.650772,-1.259227,2.967245
20.25,-0.78862,-1.183195,3.097938
20.275,-0.843483,-1.064828,3.046064
20.3,-0.796456,-0.921936,2.803998
20.325,-0.639731,-0.772525,2.377758
20.35,-0.378329,-0.628963,1.788386
20.375,-0.029065,-0.493965,1.070703
20.4,0.381886,-0.359934,0.270458
20.425,0.821128,-0.212007,-0.558654
20.45,1.249602,-0.034073,-1.3577
20.475,1.625003,0.183864,-2.066097
20.5,1.907094,0.439239,-2.627756
20.525,2.066153,0.713983,-2.999818
20.55,2.091424,0.976909,-3.160939
20.575,1.994514,1.191023,-3.114408
20.6,1.805017,1.322848,-2.883805
20.625,1.560518,1.350009,-2.50374
20.65,1.296085,1.264803,-2.010825
20.675,1.037201,1.073793,-1.438483
20.7,0.797178,0.794984,-0.815859
20.725,0.578134,0.45423,-0.168988
20.75,0.37422,0.081981,0.477788
20.775,0.175992,-0.289354,1.101157
20.8,-0.024905,-0.627654,1.678852
20.825,-0.231528,-0.903395,2.189637
20.85,-0.438616,-1.092307,2.612736
20.875,-0.63137,-1.178245,2.926835
20.9,-0.786618,-1.15564,3.109675
20.925,-0.876796,-1.030522,3.139682
20.95,-0.876611,-0.819161,3.000463
20.975,-0.770985,-0.544028,2.687353
21,-0.561526,-0.228031,2.213325
21.025,-0.268713,0.110766,1.611182
21.05,0.071279,0.461595,0.930546
21.075,0.413861,0.819452,0.230597
21.1,0.715004,1.180492,-0.429145
21.125,0.939711,1.536785,-0.997678
21.15,1.068269,1.873112,-1.439061
21.175,1.098897,2.167336,-1.735077
21.2,1.046187,2.394073,-1.883437
21.225,0.936185,2.529965,-1.89264
21.25,0.800054,2.558428,-1.775983
21.275,0.6682,2.472431,-1.547227
21.3,0.565725,2.27491,-1.219234
21.325,0.509166,1.977237,-0.805393
21.35,0.504325,1.596686,-0.32255
21.375,0.545404,1.153939,0.206337
21.4,0.616124,0.671533,0.751493
21.425,0.693311,0.173518,1.278471
21.45,0.752601,-0.314104,1.752794
21.475,0.774792,-0.763236,2.1454
21.5,0.75074,-1.144802,2.436635
21.525,0.683198,-1.431376,2.617201
21.55,0.585324,-1.600667,2.686094
21.575,0.476869,-1.63869,2.647133
21.6,0.37943,-1.541654,2.506147
21.625,0.311781,-1.316092,2.270237
21.65,0.285829,-0.977411,1.949225
21.675,0.303732,-0.547487,1.558135
21.7,0.357006,-0.052161,1.118878
21.725,0.428378,0.480575,0.659545
21.75,0.496305,1.021451,0.210933
21.775,0.540871,1.540228,-0.198492
21.8,0.548987,2.006226,-0.546996
21.825,0.517233,2.38972,-0.821492
21.85,0.451914,2.664226,-1.016459
21.875,0.36713,2.80916,-1.130844
21.9,0.28202,2.812135,-1.164636
21.925,0.217819,2.670281,-1.116756
21.95,0.194569,2.39031,-0.985367
21.975,0.226998,1.987321,-0.770901
22,0.319665,1.482734,-0.481028
22.025,0.462957,0.902069,-0.135292
22.05,0.632715,0.273423,0.233827
22.075,0.795629,-0.372932,0.585798
22.1,0.919412,-1.004327,0.881869
22.125,0.98315,-1.586073,1.095154
22.15,0.982581,-2.083327,1.215617
22.175,0.928435,-2.464297,1.248074
22.2,0.840259,-2.703692,1.205718
22.225,0.739709,-2.785351,1.103401
22.25,0.645822,-2.70356,0.953537
22.275,0.572549,-2.463128,0.765198
22.3,0.527661,-2.078545,0.545551
22.325,0.512257,-1.572567,0.302276
22.35,0.520833,-0.974543,0.045595
22.375,0.542441,-0.318716,-0.211263
22.4,0.56331,0.357447,-0.453623
22.425,0.57046,1.014957,-0.668386
22.45,0.555035,1.615235,-0.846971
22.475,0.514,2.122326,-0.986659
22.5,0.449852,2.505244,-1.089776
22.525,0.369046,2.740143,-1.161381
22.55,0.28024,2.812003,-1.206588
22.575,0.193073,2.715663,-1.228501
22.6,0.117462,2.456144,-1.22731
22.625,0.062871,2.048278,-1.200779
22.65,0.03691,1.515682,-1.146181
22.675,0.0432,0.889156,-1.063261
22.7,0.079412,0.204658,-0.956981
22.725,0.137083,-0.498925,-0.83831
22.75,0.204121,-1.181951,-0.72209
22.775,0.269056,-1.806054,-0.622951
22.8,0.324707,-2.336052,-0.551619
22.825,0.369498,-2.741768,-0.513412
22.85,0.406398,-2.999715,-0.50891
22.875,0.440644,-3.094489,-0.53554
22.9,0.477384,-3.019725,-0.588848
22.925,0.519791,-2.778523,-0.662909
22.95,0.567794,-2.383347,-0.75007
22.975,0.617549,-1.855446,-0.840634
23,0.662002,-1.223818,-0.923281
23.025,0.692746,-0.523746,-0.986733
23.05,0.702826,0.205134,-1.022411
23.075,0.689319,0.9212,-1.026921
23.1,0.654333,1.583478,-1.002996
23.125,0.603898,2.154265,-0.95833
23.15,0.545508,2.601431,-0.903062
23.175,0.485666,2.900231,-0.847246
23.2,0.428431,3.034575,-0.79926
23.225,0.375157,2.997773,-0.765239
23.25,0.325172,2.792786,-0.749091
23.275,0.277009,2.43197,-0.752533
23.3,0.229874,1.936341,-0.774859
23.325,0.184945,1.334387,-0.812603
23.35,0.145939,0.660494,-0.859611
23.375,0.118438,-0.046922,-0.908085
23.4,0.108051,-0.747505,-0.950577
23.425,0.118336,-1.401196,-0.982002
23.45,0.149644,-1.970518,-1.000537
23.475,0.199314,-2.422777,-1.006927
23.5,0.262706,-2.732011,-1.002776
23.525,0.334176,-2.880563,-0.988746
23.55,0.40755,-2.860175,-0.963347
23.575,0.47622,-2.672534,-0.922546
23.6,0.533334,-2.329229,-0.860276
23.625,0.572615,-1.851058,-0.769857
23.65,0.58993,-1.2667,-0.646193
23.675,0.585204,-0.610803,-0.488163
23.7,0.563635,0.07827,-0.300154
23.725,0.535209,0.760788,-0.091773
23.75,0.512304,1.397816,0.124359
23.775,0.506347,1.953151,0.335629
23.8,0.524897,2.395067,0.5317
23.825,0.57005,2.698003,0.704999
23.85,0.638061,2.844144,0.849486
23.875,0.719665,2.82479,0.958548
23.9,0.800766,2.641291,1.023184
23.925,0.863876,2.305305,1.031656
23.95,0.891109,1.838126,0.971603
23.975,0.869151,1.268921,0.834804
24,0.795022,0.632023,0.623123
24.025,0.679644,-0.036131,0.352384
24.05,0.546145,-0.699528,0.050971
24.075,0.422661,-1.324051,-0.247083
24.1,0.333138,-1.878147,-0.510969
24.125,0.290741,-2.333498,-0.719207
24.15,0.296156,-2.666279,-0.860673
24.175,0.339851,-2.858973,-0.931622
24.2,0.405923,-2.902196,-0.931408
24.225,0.475788,-2.795929,-0.859292
24.25,0.531296,-2.549759,-0.713518
24.275,0.557642,-2.181989,-0.492765
24.3,0.546378,-1.71774,-0.199273
24.325,0.498022,-1.186499,0.15775
24.35,0.423061,-0.61974,0.560238
24.375,0.340147,-0.049252,0.98232
24.4,0.271394,0.493707,1.394377
24.425,0.236254,0.978838,1.768465
24.45,0.246276,1.377594,2.082633
24.475,0.302479,1.664846,2.322365
24.5,0.395685,1.821292,2.479076
24.525,0.508957,1.83601,2.547136
24.55,0.621164,1.70832,2.521428
24.575,0.711099,1.448326,2.39698
24.6,0.76194,1.075813,2.171116
24.625,0.765524,0.617628,1.847209
24.65,0.725189,0.104263,1.438078
24.675,0.655719,-0.433332,0.966874
24.7,0.579794,-0.965738,0.464484
24.725,0.521931,-1.465675,-0.035638
24.75,0.502087,-1.907828,-0.502928
24.775,0.530958,-2.268954,-0.913171
24.8,0.607895,-2.528971,-1.248896
24.825,0.721125,-2.67305,-1.49718
24.85,0.849444,-2.694076,-1.646389
24.875,0.964855,-2.594555,-1.683714
24.9,1.036308,-2.387028,-1.595125
24.925,1.034939,-2.092374,-1.368564
24.95,0.940641,-1.73598,-0.999855
24.975,0.748476,-1.342724,-0.499233
25,0.472506,-0.932627,0.104513
25.025,0.145001,-0.519169,0.764684
25.05,-0.189403,-0.111207,1.42261
25.075,-0.483252,0.282516,2.017431
25.1,-0.696994,0.648809,2.49697
25.125,-0.807677,0.968121,2.826341
25.15,-0.812661,1.216521,2.991421
25.175,-0.727226,1.370635,2.996277
25.2,-0.577601,1.413249,2.856541
25.225,-0.392658,1.337347,2.592312
25.25,-0.197085,1.147601,2.223519
25.275,-0.007257,0.859482,1.768541
25.3,0.170248,0.496905,1.245088
25.325,0.337933,0.089358,0.671679
25.35,0.504892,-0.330754,0.068462
25.375,0.683007,-0.730314,-0.542973
25.4,0.882439,-1.077408,-1.14024
25.425,1.107151,-1.343427,-1.700307
25.45,1.351195,-1.505738,-2.198522
25.475,1.596509,-1.550959,-2.606845
25.5,1.813223,-1.478211,-2.892809
25.525,1.963729,-1.301057,-3.021478
25.55,2.011077,-1.046459,-2.961915
25.575,1.929959,-0.749688,-2.696983
25.6,1.715797,-0.44595,-2.232057
25.625,1.387216,-0.161696,-1.597653
25.65,0.980956,0.090682,-0.844585
25.675,0.542763,0.312664,-0.034845
25.7,0.118916,0.51456,0.767357
25.725,-0.249547,0.708133,1.502209
25.75,-0.530578,0.899781,2.118967
25.775,-0.704123,1.086576,2.579687
25.8,-0.764385,1.256261,2.861872
25.825,-0.720124,1.390931,2.958959
25.85,-0.592011,1.47276,2.878006
25.875,-0.407477,1.489532,2.635415
25.9,-0.19478,1.438141,2.252613
25.925,0.021899,1.325344,1.75333
25.95,0.225292,1.166125,1.162872
25.975,0.405662,0.980654,0.508702
26,0.559605,0.790891,-0.178816
26.025,0.687703,0.617553,-0.866346
26.05,0.79181,0.477782,-1.518497
26.075,0.872813,0.383507,-2.099576
26.1,0.929538,0.34043,-2.5759
26.125,0.959122,0.347676,-2.918332
26.15,0.958664,0.398295,-3.104782
26.175,0.927442,0.480766,-3.122338
26.2,0.868733,0.581336,-2.968607
26.225,0.790433,0.68665,-2.65198
26.25,0.704218,0.785873,-2.190757
26.275,0.623609,0.87169,-1.61144
26.3,0.561595,0.940019,-0.946618
26.325,0.528484,0.988828,-0.23282
26.35,0.530306,1.01675,0.491487
26.375,0.567882,1.02223,1.1877
26.4,0.636542,1.003629,1.818704
26.425,0.726579,0.960311,2.350405
26.45,0.824519,0.89426,2.753286
26.475,0.915215,0.811485,3.0041
26.5,0.984436,0.722423,3.087682
26.525,1.021282,0.640888,2.998586
26.55,1.019617,0.581675,2.742046
26.575,0.978016,0.557516,2.333804
26.6,0.898356,0.576273,1.798704
26.625,0.783834,0.63911,1.168341
26.65,0.63742,0.739926,0.478304
26.675,0.461501,0.865987,-0.234449
26.7,0.258918,0.999566,-0.933664
26.725,0.034992,1.12041,-1.585056
26.75,-0.200225,1.208922,-2.156682
26.775,-0.430429,1.249706,-2.618734
26.8,-0.633156,1.23487,-2.943443
26.825,-0.782078,1.166062,-3.106081
26.85,-0.85139,1.054264,-3.087627
26.875,-0.82124,0.916784,-2.878693
26.9,-0.682308,0.771982,-2.483167
26.925,-0.437837,0.633357,-1.919844
26.95,-0.102805,0.505128,-1.221393
26.975,0.298483,0.380974,-0.431579
27,0.734593,0.246459,0.397718
27.025,1.168334,0.084577,1.209034
27.05,1.558518,-0.117032,1.942312
27.075,1.864261,-0.359257,2.540159
27.1,2.052752,-0.627617,2.956023
27.125,2.10816,-0.893403,3.163018
27.15,2.036733,-1.120058,3.158715
27.175,1.864373,-1.272424,2.962647
27.2,1.627624,-1.32504,2.607858
27.225,1.362846,-1.266736,2.131392
27.25,1.098108,-1.101032,1.568
27.275,0.849583,-0.843689,0.948142
27.3,0.621832,-0.519141,0.298767
27.325,0.41066,-0.157077,-0.355227
27.35,0.207345,0.210364,-0.990104
27.375,0.003333,0.550938,-1.583141
27.4,-0.205389,0.834607,-2.112609
27.425,-0.415,1.036145,-2.557302
27.45,-0.612262,1.138013,-2.895615
27.475,-0.775266,1.132923,-3.105038
27.5,-0.876967,1.025153,-3.163469
27.525,-0.891484,0.829575,-3.0533
27.55,-0.801949,0.567981,-2.767725
27.575,-0.607294,0.263442,-2.316833
27.6,-0.325096,-0.065235,-1.730391
27.625,0.010818,-0.40653,-1.055587
27.65,0.357047,-0.755303,-0.350407
27.675,0.669236,-1.108531,0.325212
27.7,0.91052,-1.459925,0.918218
27.725,1.058133,-1.796145,1.389407
27.75,1.106804,-2.096433,1.716914
27.775,1.068113,-2.335749,1.895363
27.8,0.966222,-2.489915,1.931357
27.825,0.831743,-2.540655,1.83753
27.85,0.695678,-2.478857,1.627764
27.875,0.584566,-2.305455,1.315186
27.9,0.516953,-2.030218,0.913069
27.925,0.500984,-1.669307,0.437556
27.95,0.533248,-1.242676,-0.089523
27.975,0.599442,-0.77227,-0.639469
28,0.67745,-0.281471,-1.178264
28.025,0.742666,0.204522,-1.670768
28.05,0.774344,0.658357,-2.086149
28.075,0.760948,1.051298,-2.402334
28.1,0.702713,1.355546,-2.60768
28.125,0.610825,1.547629,-2.699511
28.15,0.503988,1.611746,-2.68083
28.175,0.403747,1.541976,-2.557265
28.2,0.329715,1.342779,-2.335859
28.225,0.29533,1.027824,-2.026088
28.25,0.304701,0.617709,-1.642198
28.275,0.351297,0.137422,-1.205098
28.3,0.419276,-0.385631,-0.74214
28.325,0.48756,-0.922643,-0.284118
28.35,0.535583,-1.443743,0.139576
28.375,0.548745,-1.918417,0.50559
28.4,0.521774,-2.31671,0.799049
28.425,0.459306,-2.611386,1.012999
28.45,0.374289,-2.780591,1.145573
28.475,0.285351,-2.81029,1.196494
28.5,0.213888,-2.695824,1.164622
28.525,0.180851,-2.442209,1.047772
28.55,0.202722,-2.06313,0.845317
28.575,0.286601,-1.578936,0.563022
28.6,0.425726,-1.014324,0.218106
28.625,0.598091,-0.396604,-0.158694
28.65,0.770714,0.24485,-0.526842
28.675,0.90933,0.87831,-0.845329
28.7,0.989399,1.469722,-1.083424
28.725,1.002897,1.984193,-1.227178
28.75,0.958007,2.389024,-1.278783
28.775,0.87344,2.65728,-1.250561
28.8,0.771383,2.770724,-1.157825
28.825,0.672149,2.72145,-1.014
28.85,0.591219,2.512193,-0.829053
28.875,0.537922,2.155617,-0.610555
28.9,0.514845,1.672966,-0.366053
28.925,0.517773,1.092399,-0.105308
28.95,0.536601,0.447261,0.158812
28.975,0.55769,-0.225575,0.411501
29,0.567407,-0.887381,0.638844
29.025,0.555673,-1.499421,0.830935
29.05,0.518108,-2.025108,0.983644
29.075,0.456161,-2.432339,1.098231
29.1,0.375739,-2.695738,1.179221
29.125,0.285425,-2.798479,1.231681
29.15,0.195127,-2.733469,1.25894
29.175,0.115263,-2.503816,1.261418
29.2,0.055994,-2.122588,1.236891
29.225,0.025831,-1.611888,1.182298
29.25,0.0294,-1.001323,1.096768
29.275,0.065196,-0.325998,0.984682
29.3,0.124976,0.375699,0.856931
29.325,0.196008,1.064282,0.729081
29.35,0.265503,1.701177,0.617153
29.375,0.324825,2.250599,0.533423
29.4,0.371364,2.681367,0.484413
29.425,0.407748,2.968628,0.47135
29.45,0.439514,3.095336,0.491889
29.475,0.472579,3.053318,0.541659
29.5,0.511157,2.843809,0.614917
29.525,0.556322,2.477448,0.704359
29.55,0.605265,1.973777,0.800684
29.575,0.651552,1.360294,0.892704
29.6,0.686682,0.67109,0.968665
29.625,0.702781,-0.054969,1.018744
29.65,0.695441,-0.776497,1.037764
29.675,0.665267,-1.452179,1.026665
29.7,0.617324,-2.043421,0.991875
29.725,0.55892,-2.516767,0.943013
29.75,0.497051,-2.845841,0.890228
29.775,0.436651,-3.012735,0.842289
29.8,0.380049,-3.008872,0.805742
29.825,0.327433,-2.835339,0.784794
29.85,0.277943,-2.502733,0.781393
29.875,0.231009,-2.030515,0.795143
29.9,0.187581,-1.445905,0.823119
29.925,0.150732,-0.782371,0.85998
29.95,0.125192,-0.077807,0.898879
29.975,0.115824,0.627551,0.933186
30,0.125794,1.293355,0.958307
30.025,0.155476,1.881446,0.972565
30.05,0.20255,2.358073,0.976656
30.075,0.262892,2.695885,0.972117
30.1,0.331453,2.875567,0.959656
30.125,0.402671,2.887011,0.937956
30.15,0.470481,2.729975,0.903215
30.175,0.528393,2.414152,0.849495
30.2,0.570113,1.95862,0.769924
30.225,0.590971,1.39065,0.658719
30.25,0.589842,0.743917,0.513569
30.275,0.570623,0.056293,0.337424
30.3,0.542205,-0.632497,0.138649
30.325,0.516488,-1.283109,-0.0708
30.35,0.505165,-1.858579,-0.27833
30.375,0.516671,-2.326117,-0.47322
30.4,0.554311,-2.6588,-0.647521
30.425,0.615683,-2.837176,-0.795159
30.45,0.692897,-2.85066,-0.909969
30.475,0.773167,-2.698555,-0.983761
30.5,0.840004,-2.390447,-1.005583
30.525,0.875742,-1.945746,-0.963209
30.55,0.865995,-1.392183,-0.84728
30.575,0.805293,-0.763319,-0.657064
30.6,0.701291,-0.095545,-0.404948
30.625,0.57434,0.574609,-0.116313
30.65,0.451437,1.212219,0.176238
30.675,0.357292,1.784838,0.441485
30.7,0.307116,2.263191,0.656371
30.725,0.303956,2.622331,0.80801
30.75,0.340262,2.843357,0.8914
30.775,0.401454,2.915234,0.905314
30.8,0.469607,2.83614,0.848874
30.825,0.526579,2.613891,0.720208
30.85,0.556915,2.265267,0.517486
30.875,0.550851,1.814301,0.241804
30.9,0.507118,1.289905,-0.099326
30.925,0.434394,0.723453,-0.489679
30.95,0.350104,0.146939,-0.904764
30.975,0.276186,-0.40801,-1.315428
31,0.233046,-0.910614,-1.693246
31.025,0.233972,-1.331643,-2.015244
31.05,0.281973,-1.644919,-2.265918
31.075,0.369631,-1.829643,-2.436156
31.1,0.481253,-1.872964,-2.520313
31.125,0.596257,-1.772038,-2.513464
31.15,0.693139,-1.534856,-2.410528
31.175,0.75383,-1.179484,-2.207941
31.2,0.768049,-0.731738,-1.907258
31.225,0.73658,-0.22186,-1.518857
31.25,0.671943,0.318794,-1.063537
31.275,0.595564,0.860069,-0.570665
31.3,0.532087,1.373905,-0.073371
31.325,0.502839,1.834292,0.397072
31.35,0.520656,2.217275,0.815267
31.375,0.587269,2.50183,1.162717
31.4,0.693133,2.671776,1.426042
31.425,0.818882,2.718203,1.593762
31.45,0.937771,2.64154,1.653502
31.475,1.019121,2.452321,1.591347
31.5,1.033205,2.169952,1.39436
31.525,0.957643,1.819296,1.056097
31.55,0.784093,1.425824,0.583317
31.575,0.52289,1.010997,0.000934
31.6,0.203313,0.589959,-0.647515
31.625,-0.131409,0.172748,-1.304908
31.65,-0.433318,-0.23158,-1.909963
31.675,-0.66068,-0.610256,-2.408351
31.7,-0.787397,-0.94436,-2.762054
31.725,-0.807694,-1.210172,-2.953797
31.75,-0.734562,-1.383751,-2.985272
31.775,-0.593217,-1.446558,-2.870796
31.8,-0.412743,-1.389808,-2.629987
31.825,-0.218921,-1.21635,-2.282641
31.85,-0.029682,-0.940103,-1.846927
31.875,0.146765,-0.58387,-1.340108
31.9,0.311577,-0.176492,-0.7801
31.925,0.473103,0.249868,-0.186486
31.95,0.643304,0.661995,0.419545
31.975,0.833339,1.027524,1.0159
32,1.049034,1.316929,1.579973
32.025,1.286988,1.506014,2.087951
32.05,1.531988,1.579059,2.513103
32.075,1.756664,1.532139,2.824324
32.1,1.924567,1.375479,2.987134
32.125,1.99757,1.133216,2.969028
32.15,1.946564,0.839278,2.748793
32.175,1.761525,0.529602,2.326041
32.2,1.455921,0.233241,1.725692
32.225,1.063298,-0.03394,0.994829
32.25,0.628667,-0.270321,0.194139
32.275,0.199422,-0.484362,-0.611531
32.3,-0.181317,-0.687463,-1.360589
32.325,-0.479065,-0.88684,-1.999964
32.35,-0.671253,-1.080917,-2.489128
32.375,-0.749693,-1.258628,-2.802979
32.4,-0.721157,-1.402567,-2.932616
32.425,-0.605046,-1.494524,-2.883281
32.45,-0.428409,-1.521175,-2.670148
32.475,-0.219935,-1.477968,-2.313834
32.5,-0.004777,-1.370286,-1.837388
32.525,0.198636,-1.212131,-1.265361
32.55,0.379565,-1.023229,-0.62433
32.575,0.534022,-0.825645,0.056245
32.6,0.662551,-0.640692,0.743782
32.625,0.76748,-0.486512,1.403324
32.65,0.850455,-0.376377,1.999187
32.675,0.911009,-0.317581,2.497186
32.7,0.946572,-0.310937,2.867127
32.725,0.953868,-0.351027,3.085312
32.75,0.931122,-0.427408,3.136752
32.775,0.88012,-0.526727,3.016738
32.8,0.80726,-0.635309,2.731385
32.825,0.723135,-0.741455,2.297042
32.85,0.640866,-0.836758,1.738746
32.875,0.573784,-0.916141,1.088133
32.9,0.533163,-0.976859,0.381223
32.925,0.526412,-1.017117,-0.343681
32.95,0.55591,-1.035048,-1.047876
32.975,0.618494,-1.028592,-1.693925
33,0.705663,-0.996386,-2.247165
33.025,0.804607,-0.939354,-2.677188
33.05,0.900114,-0.862274,-2.959431
33.075,0.977126,-0.774504,-3.076933
33.1,1.02334,-0.689295,-3.022044
33.125,1.03103,-0.621643,-2.797622
33.15,0.997452,-0.585259,-2.417191
33.175,0.92376,-0.589557,-1.90383
33.2,0.813102,-0.637498,-1.287992
33.225,0.66887,-0.724705,-0.604774
33.25,0.494014,-0.839865,0.108801
33.275,0.291728,-0.966219,0.815993
33.3,0.067268,-1.083956,1.481776
33.325,-0.169832,-1.17333,2.073371
33.35,-0.404084,-1.218226,2.560144
33.375,-0.61386,-1.209569,2.913512
33.4,-0.773329,-1.147623,3.107806
33.425,-0.85657,-1.04217,3.122739
33.45,-0.842897,-0.909906,2.947213
33.475,-0.721581,-0.769422,2.583037
33.5,-0.494171,-0.635253,2.046791
33.525,-0.173894,-0.513109,1.369023
33.55,0.216723,-0.398043,0.59155
33.575001,0.648134,-0.276262,-0.235556
33.600001,1.085065,-0.13016,-1.056392
33.625001,1.487728,0.054696,-1.811736
33.650001,1.815146,0.282483,-2.443431
33.675001,2.03206,0.542405,-2.901845
33.700001,2.117951,0.808602,-3.154894
33.725001,2.073592,1.045479,-3.194291
33.750001,1.920641,1.216641,-3.034976
33.775001,1.693935,1.293766,-2.707805
33.800001,1.430635,1.262201,-2.249841
33.825001,1.16119,1.122268,-1.69704
33.850001,0.904642,0.88728,-1.081237
33.875001,0.668131,0.580072,-0.430412
33.900001,0.44931,0.229447,0.229893
33.925001,0.240379,-0.132813,0.875493
33.950001,0.032775,-0.474407,1.483217
33.975001,-0.178332,-0.764845,2.030857
34.000001,-0.390479,-0.97802,2.496769
34.025001,-0.591982,-1.095067,2.859032
34.050001,-0.762263,-1.107027,3.094885
34.075001,-0.874938,-1.016411,3.181742
34.100001,-0.903738,-0.836624,3.10089
34.125001,-0.830206,-0.588662,2.84352
34.150001,-0.650736,-0.295649,2.416941
34.175001,-0.380041,0.022906,1.847884
34.200001,-0.049501,0.354664,1.180984
34.225001,0.298882,0.694193,0.47279
34.250001,0.620738,1.039112,-0.21667
34.275001,0.877655,1.384664,-0.832634
34.300001,1.044052,1.719423,-1.332869
34.325001,1.111228,2.024189,-1.691893
34.350001,1.087597,2.274518,-1.901071
34.375001,0.995167,2.445657,-1.964828
34.400001,0.863708,2.517784,-1.894879
34.425001,0.724589,2.479746,-1.70509
34.450001,0.605625,2.33043,-1.408849
34.475001,0.527268,2.077911,-1.019411
34.500001,0.499962,1.737146,-0.552333
34.525001,0.522703,1.327311,-0.028375
34.550001,0.583295,0.869766,0.524895
34.575001,0.660913,0.387259,1.074064
34.600001,0.731007,-0.095794,1.583583
34.625001,0.771556,-0.552831,2.021067
34.650001,0.768764,-0.955583,2.362117
34.675001,0.720316,-1.276062,2.592669
34.700001,0.635258,-1.489794,2.708187
34.725001,0.531027,-1.579279,2.710658
34.750001,0.428909,-1.53651,2.605385
34.775001,0.34918,-1.363842,2.399331
34.800001,0.306695,-1.073128,2.101687
34.825001,0.30746,-0.683598,1.725995
34.850001,0.346933,-0.219313,1.292185
34.875001,0.410841,0.292949,0.826791
34.900001,0.478778,0.824862,0.360449
34.925001,0.529742,1.346957,-0.076697
34.950001,0.547764,1.828944,-0.45978
34.975001,0.525748,2.240738,-0.772136
35.000001,0.466587,2.554463,-1.005287
35.025001,0.381951,2.74709,-1.156431
35.050001,0.289809,2.802997,-1.224945
35.075001,0.211568,2.715743,-1.209624
35.100001,0.168926,2.488622,-1.108023
35.125001,0.179956,2.133857,-0.918597
35.150001,0.254209,1.670685,-0.645316
35.175001,0.387831,1.122977,-0.30303
35.200001,0.561267,0.517291,0.079545
35.225001,0.742348,-0.117872,0.462336
35.250001,0.895273,-0.751759,0.802512
35.275001,0.992057,-1.351087,1.065659
35.300001,1.020728,-1.881119,1.233715
35.325001,0.986534,-2.308442,1.305842
35.350001,0.906956,-2.60461,1.293102
35.375001,0.804474,-2.749361,1.211046
35.400001,0.700583,-2.732583,1.074078
35.425001,0.612293,-2.554884,0.893146
35.450001,0.55052,-2.227043,0.676359
35.475001,0.519383,-1.768729,0.431237
35.500001,0.516034,-1.206848,0.167124
35.525001,0.53134,-0.573799,-0.10354
35.550001,0.551974,0.094196,-0.365952
35.575001,0.563809,0.758741,-0.605528
35.600001,0.55563,1.38104,-0.811118
35.625001,0.521693,1.923974,-0.977165
35.650001,0.462296,2.354421,-1.103759
35.675001,0.382664,2.645555,-1.194783
35.700001,0.291194,2.778785,-1.255171
35.725001,0.197979,2.745098,-1.288449
35.750001,0.113882,2.545675,-1.295287
35.775001,0.049731,2.191784,-1.273517
35.800001,0.014936,1.703966,-1.219775
35.825001,0.015196,1.110575,-1.132545
35.850001,0.049973,0.44581,-1.015507
35.875001,0.111446,-0.252505,-0.879287
35.900001,0.186413,-0.945111,-0.740018
35.925001,0.260802,-1.593315,-0.615069
35.950001,0.324416,-2.160823,-0.518368
35.975001,0.373427,-2.615542,-0.457798
36.000001,0.409934,-2.931322,-0.435377
36.025001,0.43965,-3.089524,-0.449051
36.050001,0.469182,-3.080192,-0.494519
36.075001,0.503762,-2.902699,-0.566163
36.100001,0.545622,-2.565849,-0.656986
36.125001,0.59306,-2.087454,-0.758097
36.150001,0.640416,-1.493471,-0.858552
36.175001,0.679307,-0.816725,-0.946304
36.200001,0.701141,-0.095213,-1.010474
36.225001,0.700118,0.630046,-1.044193
36.250001,0.67528,1.317523,-1.046546
36.275001,0.630543,1.927851,-1.022524
36.300001,0.572822,2.426328,-0.981033
36.325001,0.509445,2.784992,-0.93219
36.350001,0.446138,2.984145,-0.885115
36.375001,0.386181,3.013317,-0.846786
36.400001,0.330649,2.871709,-0.821759
36.425001,0.279345,2.56813,-0.812229
36.450001,0.232029,2.120434,-0.818078
36.475001,0.189561,1.554506,-0.836829
36.500001,0.154514,0.902821,-0.863842
36.525001,0.13086,0.20266,-0.893137
36.550001,0.122717,-0.505945,-0.918903
36.575001,0.132768,-1.182441,-0.937119
36.600001,0.161277,-1.788061,-0.94637
36.625001,0.206139,-2.288067,-0.947394
36.650001,0.263664,-2.653777,-0.941712
36.675001,0.329359,-2.86426,-0.930078
36.700001,0.398266,-2.907591,-0.911332
36.725001,0.464904,-2.781603,-0.8819
36.750001,0.523214,-2.494077,-0.836006
36.775001,0.567007,-2.062327,-0.766675
36.800001,0.591218,-1.512139,-0.667554
36.825001,0.593782,-0.876112,-0.535241
36.850001,0.577329,-0.191526,-0.371271
36.875001,0.549571,0.501999,-0.182688
36.900001,0.521763,1.164789,0.019373
36.925001,0.505699,1.759181,0.222472
36.950001,0.510563,2.251372,0.415573
36.975001,0.540797,2.613133,0.59032
37.000001,0.595304,2.823422,0.740509
37.025001,0.667547,2.86982,0.860308
37.050001,0.746057,2.749615,0.942263
37.075001,0.815425,2.470324,0.976238
37.100001,0.858418,2.049425,0.950331
37.125001,0.859913,1.513101,0.854381
37.150001,0.812284,0.893978,0.685401
37.175001,0.720071,0.228229,0.452503
37.200001,0.600695,-0.447224,0.177929
37.225001,0.479632,-1.096707,-0.107511
37.250001,0.381964,-1.68689,-0.372571
37.275001,0.324698,-2.187542,-0.592836
37.300001,0.313188,-2.572613,-0.753689
37.325001,0.341935,-2.821852,-0.848784
37.350001,0.397808,-2.922611,-0.876208
37.375001,0.463673,-2.871273,-0.834891
37.400001,0.521543,-2.673861,-0.722872
37.425001,0.555462,-2.345564,-0.537911
37.450001,0.554488,-1.909224,-0.280092
37.475001,0.515636,-1.393074,0.044696
37.500001,0.445734,-0.828293,0.422087
37.525001,0.360816,-0.247026,0.829105
37.550001,0.282419,0.318763,1.237253
37.575001,0.231698,0.837841,1.61778
37.600001,0.223569,1.280341,1.946738
37.625001,0.263015,1.619118,2.207584
37.650001,0.344443,1.831958,2.390579
37.675001,0.453513,1.90416,2.489995
37.700001,0.570342,1.830738,2.501121
37.725001,0.673329,1.617528,2.418903
37.750001,0.743374,1.280761,2.239107
37.775001,0.768256,0.845049,1.961668
37.800001,0.746249,0.340212,1.594612
37.825001,0.687478,-0.202122,1.156297
37.850001,0.61185,-0.751109,0.674335
37.875001,0.543829,-1.277903,0.181274
37.900001,0.505876,-1.755777,-0.291085
37.925001,0.512849,-2.160069,-0.716208
37.950001,0.568838,-2.468865,-1.074499
37.975001,0.666571,-2.664714,-1.351989
38.000001,0.788614,-2.736991,-1.537248
38.025001,0.90962,-2.684086,-1.618338
38.050001,0.999505,-2.514479,-1.5816
38.075001,1.027978,-2.245948,-1.41349
38.100001,0.970683,-1.902606,-1.105604
38.125001,0.816047,-1.510272,-0.661419
38.150001,0.570636,-1.091692,-0.101949
38.175001,0.260474,-0.663655,0.532692
38.200001,-0.072997,-0.237495,1.187317
38.225001,-0.381672,0.177248,1.800594
38.250001,-0.621872,0.568116,2.316296
38.275001,-0.764423,0.916801,2.693353
38.300001,-0.80031,1.199873,2.911265
38.325001,-0.740036,1.392943,2.969187
38.350001,-0.607579,1.476241,2.879972
38.375001,-0.432049,1.439249,2.662679
38.400001,-0.240199,1.28297,2.336964
38.425001,-0.051466,1.019706,1.920828
38.450001,0.12429,0.671064,1.431121
38.475001,0.286793,0.265165,0.885154
38.500001,0.443497,-0.166136,0.301908
38.525001,0.606259,-0.58958,-0.297865
38.550001,0.787036,-0.972426,-0.892352
38.575001,0.993344,-1.284342,-1.459297
38.600001,1.224193,-1.499731,-1.975594
38.625001,1.467195,-1.60072,-2.415721
38.650001,1.697629,-1.580489,-2.749995
38.675001,1.880622,-1.445948,-2.944731
38.700001,1.977504,-1.218227,-2.966444
38.725001,1.955963,-0.929497,-2.790439
38.750001,1.800766,-0.615935,-2.410834
38.775001,1.519951,-0.308815,-1.846717
38.800001,1.143277,-0.027359,-1.140866
38.825001,0.714421,0.223562,-0.35208
38.850001,0.28153,0.450263,0.45454
38.875001,-0.110327,0.663491,1.215799
38.900001,-0.424212,0.871078,1.876326
38.925001,-0.634967,1.072741,2.392978
38.950001,-0.731897,1.258656,2.737983
38.975001,-0.719648,1.412034,2.900013
39.000001,-0.616193,1.514408,2.882404
39.025001,-0.448054,1.551432,2.699038
39.050001,-0.244244,1.517121,2.369696
39.075001,-0.030842,1.41544,1.916763
39.100001,0.172542,1.259324,1.364061
39.125001,0.354087,1.067961,0.737295
39.150001,0.509107,0.863432,0.065001
39.175001,0.637987,0.667557,-0.621042
39.200001,0.743438,0.499397,-1.286389
39.225001,0.827852,0.373487,-1.895455
39.250001,0.891543,0.298656,-2.413667
39.275001,0.932389,0.27739,-2.809907
39.300001,0.946937,0.30586,-3.058997
39.325001,0.932522,0.374836,-3.143985
39.350001,0.889522,0.471551,-3.05788
39.375001,0.822787,0.582188,-2.804488
39.400001,0.741678,0.694304,-2.398102
39.425001,0.658713,0.798438,-1.862163
39.450001,0.587373,0.888481,-1.227235
39.475001,0.539742,0.960906,-0.528743
39.500001,0.524524,1.013434,0.195228
39.525001,0.545638,1.043884,0.905906
39.550001,0.601474,1.049814,1.565559
39.575001,0.684851,1.029213,2.139009
39.600001,0.783798,0.982004,2.595042
39.625001,0.883244,0.911731,2.907897
39.650001,0.967496,0.826585,3.058943
39.675001,1.02296,0.739085,3.038415
39.700001,1.040314,0.664228,2.846806
39.725001,1.015368,0.616529,2.495344
39.750001,0.948368,0.606853,2.005204
39.775001,0.842228,0.639948,1.405541
39.800001,0.700655,0.713215,0.73081
39.825001,0.527134,0.816851,0.017993
39.850001,0.325272,0.935175,-0.695762
39.875001,0.100357,1.048916,-1.37473
39.900001,-0.138488,1.138285,-1.985312
39.925001,-0.376527,1.186539,-2.496043
39.950001,-0.592947,1.183481,-2.877517
39.975001,-0.76246,1.12801,-3.10313
40.000001,-0.859118,1.028662,-3.151366
40.025001,-0.861506,0.90142,-3.009466
40.050001,-0.757586,0.764979,-2.677207
40.075001,-0.547296,0.634811,-2.168984
40.100001,-0.242191,0.518086,-1.513251
40.125001,0.13688,0.41131,-0.74991
40.150001,0.562173,0.301521,0.072747
40.175001,1.000334,0.170793,0.900436
40.200001,1.413192,0.00293,1.675009
40.225001,1.760166,-0.209334,2.338041
40.250001,2.004199,-0.458913,2.837436
40.275001,2.12057,-0.723114,3.13636
40.300001,2.104596,-0.967809,3.220653
40.325001,1.973221,-1.155853,3.100192
40.350001,1.758901,-1.256344,2.803008
40.375001,1.499051,-1.251188,2.365706
40.400001,1.226218,-1.137366,1.825249
40.425001,0.962279,-0.925543,1.214878
40.450001,0.717071,-0.636769,0.563714
40.475001,0.490276,-0.298819,-0.101961
40.500001,0.275225,0.056976,-0.757466
40.525001,0.063535,0.398328,-1.379191
40.550001,-0.150284,0.694359,-1.944456
40.575001,-0.365034,0.918153,-2.431174
40.600001,-0.570564,1.049589,-2.817095
40.625001,-0.747681,1.078083,-3.079191
40.650001,-0.870794,1.004383,-3.194437
40.675001,-0.91343,0.840361,-3.14311
40.700001,-0.855744,0.606108,-2.914536
40.725001,-0.691746,0.324685,-2.513348
40.750001,-0.433341,0.016246,-1.96327
40.775001,-0.109395,-0.306004,-1.306281
40.800001,0.239683,-0.636195,-0.597281
40.825001,0.569784,-0.972405,0.103922
40.850001,0.841278,-1.311279,0.741194
40.875001,1.026033,-1.643304,1.269534
40.900001,1.112015,-1.950991,1.659928
40.925001,1.104373,-2.210742,1.900355
40.950001,1.022706,-2.397475,1.992791
40.975001,0.895653,-2.490001,1.947767
41.000001,0.7547,-2.475187,1.77896
41.025001,0.628764,-2.349843,1.499993
41.050001,0.540087,-2.120258,1.124179
41.075001,0.501351,-1.800097,0.666606
41.100001,0.513966,-1.407694,0.147044
41.125001,0.567944,-0.963819,-0.408098
41.150001,0.643967,-0.490619,-0.966168
41.175001,0.717832,-0.011759,-1.491445
41.200001,0.766519,0.447019,-1.950233
41.225001,0.774148,0.858024,-2.315926
41.250001,0.735855,1.19325,-2.572003
41.275001,0.658407,1.427409,-2.711898
41.300001,0.55776,1.541439,-2.73638
41.325001,0.454719,1.525305,-2.650279
41.350001,0.370047,1.379241,-2.460435
41.375001,0.319878,1.113211,-2.175801
41.400001,0.312049,0.744988,-1.80929
41.425001,0.344027,0.297625,-1.379889
41.450001,0.403221,-0.20277,-0.913255
41.475001,0.4701,-0.728381,-0.439721
41.500001,0.523442,-1.250162,0.009987
41.525001,0.546068,-1.738104,0.409614
41.550001,0.529108,-2.162084,0.740722
41.575001,0.473663,-2.493695,0.993232
41.600001,0.390005,-2.708836,1.163291
41.625001,0.295301,-2.790365,1.249837
41.650001,0.210815,-2.730081,1.251578
41.675001,0.15883,-2.52953,1.165884
41.700001,0.158848,-2.199423,0.990429
41.725001,0.222744,-1.757845,0.72752
41.750001,0.349594,-1.227827,0.389635
41.775001,0.522544,-0.635208,0.003239
41.800001,0.710695,-0.007654,-0.392505
41.825001,0.877202,0.62507,-0.75342
41.850001,0.990886,1.23057,-1.041648
41.875001,1.035724,1.774457,-1.23489
41.900001,1.013646,2.222818,-1.32889
41.925001,0.940499,2.545846,-1.333028
41.950001,0.83877,2.721322,-1.26283
41.975001,0.731015,2.736926,-1.133603
42.000001,0.635757,2.591093,-0.957345
42.025001,0.565522,2.292653,-0.742835
42.050001,0.526005,1.859631,-0.497686
42.075001,0.515791,1.317623,-0.230883
42.100001,0.526845,0.698031,0.045601
42.125001,0.546316,0.036367,0.31709
42.150001,0.559756,-0.629368,0.568483
42.175001,0.554924,-1.260404,0.787484
42.200001,0.524712,-1.819197,0.96711
42.225001,0.468178,-2.271707,1.106204
42.250001,0.389743,-2.589737,1.207885
42.275001,0.297494,-2.752986,1.276867
42.300001,0.201619,-2.750536,1.316827
42.325001,0.113363,-2.581632,1.328702
42.350001,0.04418,-2.255708,1.310424
42.375001,0.004367,-1.791697,1.258368
42.400001,0.000736,-1.216645,1.170362
42.425001,0.033853,-0.563788,1.049282
42.450001,0.09652,0.129672,0.905305
42.475001,0.175257,0.824774,0.754945
42.500001,0.25479,1.482785,0.616847
42.525001,0.32328,2.067001,0.506657
42.550001,0.375497,2.544507,0.433788
42.575001,0.412817,2.88794,0.401204
42.600001,0.44098,3.077119,0.407226
42.625001,0.467203,3.100331,0.447627
42.650001,0.497694,2.955096,0.516862
42.675001,0.535849,2.648375,0.608187
42.700001,0.581132,2.196228,0.713121
42.725001,0.628788,1.623032,0.821045
42.750001,0.670753,0.960288,0.919793
42.775001,0.697935,0.245025,0.99763
42.800001,0.703267,-0.482221,1.04611
42.825001,0.684205,-1.179845,1.062447
42.850001,0.643359,-1.807827,1.050035
42.875001,0.587039,-2.330309,1.016877
42.900001,0.522728,-2.717799,0.972907
42.925001,0.456842,-2.948832,0.927534
42.950001,0.393579,-3.011053,0.888181
42.975001,0.334914,-2.901767,0.859789
43.000001,0.281365,-2.627959,0.844839
43.025001,0.23311,-2.205837,0.843468
43.050001,0.191048,-1.659888,0.853575
43.075001,0.157392,-1.021515,0.87111
43.100001,0.135469,-0.327304,0.890866
43.125001,0.128677,0.383006,0.907831
43.150001,0.139153,1.068739,0.918613
43.175001,0.166926,1.690602,0.922163
43.200001,0.209981,2.212936,0.919364
43.225001,0.264965,2.605792,0.91178
43.250001,0.327885,2.84667,0.900224
43.275001,0.394376,2.92186,0.883683
43.300001,0.459563,2.827283,0.858801
43.325001,0.517883,2.568797,0.819991
43.350001,0.563361,2.161908,0.760247
43.375001,0.590678,1.63085,0.672764
43.400001,0.596959,1.007053,0.553159
43.425001,0.583615,0.327096,0.401597
43.450001,0.557122,-0.369607,0.223737
43.475001,0.527943,-1.043133,0.029756
43.500001,0.507798,-1.655188,-0.16821
43.525001,0.506481,-2.171009,-0.358893
43.550001,0.52949,-2.561111,-0.533524
43.575001,0.576991,-2.802917,-0.685686
43.600001,0.643773,-2.88222,-0.809765
43.625001,0.719682,-2.794328,-0.898953
43.650001,0.790452,-2.544699,-0.943933
43.675001,0.839458,-2.148844,-0.93328
43.700001,0.851147,-1.631302,-0.856326
43.725001,0.816086,-1.023613,-0.708185
43.750001,0.735895,-0.361561,-0.494909
43.775001,0.624988,0.317678,-0.235527
43.800001,0.506983,0.977755,0.041264
43.825001,0.406928,1.584477,0.304579
43.850001,0.343345,2.10666,0.528902
43.875001,0.323802,2.517167,0.697954
43.900001,0.3449,2.794432,0.803976
43.925001,0.395068,2.924224,0.844264
43.950001,0.458092,2.901156,0.817493
43.975001,0.516285,2.729433,0.721625
44.000001,0.553336,2.422596,0.554099
44.025001,0.557274,2.002205,0.314108
44.050001,0.523487,1.495701,0.006023
44.075001,0.456934,0.933973,-0.357652
44.100001,0.372122,0.349253,-0.755574
44.125001,0.289963,-0.22619,-1.160089
44.150001,0.232151,-0.7607,-1.542285
44.175001,0.215091,-1.223817,-1.877315
44.200001,0.245712,-1.587502,-2.147562
44.225001,0.320295,-1.828212,-2.34256
44.250001,0.425952,-1.929473,-2.456416
44.275001,0.54364,-1.884195,-2.484635
44.300001,0.651844,-1.696031,-2.422302
44.325001,0.730652,-1.379282,-2.264713
44.350001,0.766094,-0.957191,-2.010407
44.375001,0.75402,-0.458976,-1.665174
44.400001,0.702069,0.083605,-1.24488
44.425001,0.628382,0.639089,-0.775179
44.450001,0.556939,1.177848,-0.287766
44.475001,0.511077,1.672412,0.185235
44.500001,0.507528,2.097413,0.616227
44.525001,0.552704,2.430088,0.984461
44.550001,0.64164,2.651795,1.275253
44.575001,0.758918,2.750277,1.47711
44.600001,0.880717,2.721932,1.578497
44.625001,0.977753,2.573158,1.566124
44.650001,1.019457,2.319981,1.426091
44.675001,0.979806,1.985543,1.148345
44.700001,0.844212,1.59577,0.73332
44.725001,0.615481,1.174506,0.198153
44.750001,0.316159,0.74014,-0.420677
44.775001,-0.01447,0.305399,-1.070299
44.800001,-0.328534,-0.119538,-1.689719
44.825001,-0.58068,-0.522391,-2.221101
44.850001,-0.738759,-0.88543,-2.620436
44.875001,-0.790442,-1.185583,-2.863945
44.900001,-0.743552,-1.398126,-2.948093
44.925001,-0.620602,-1.50216,-2.88411
44.950001,-0.450532,-1.485479,-2.6904
44.975001,-0.260933,-1.347227,-2.386468
45.000001,-0.072685,-1.098027,-1.990186
45.025001,0.102699,-0.758209,-1.518029
45.050001,0.263432,-0.355093,-0.986708
45.075001,0.41594,0.079833,-0.414568
45.100001,0.571789,0.513325,0.178112
45.125001,0.743548,0.912334,0.769814
45.150001,0.940235,1.245823,1.338562
45.175001,1.163131,1.486941,1.861835
45.200001,1.402605,1.615844,2.315198
45.225001,1.636696,1.622982,2.670399
45.250001,1.832451,1.512014,2.894811
45.275001,1.951248,1.300925,2.954508
45.300001,1.958209,1.019776,2.821944
45.325001,1.833243,0.704488,2.48611
45.350001,1.578811,0.388136,1.960154
45.375001,1.220335,0.093121,1.282032
45.400001,0.799543,-0.17234,0.508044
45.425001,0.364895,-0.412142,-0.296904
45.450001,-0.036774,-0.636074,-1.06823
45.475001,-0.36609,-0.852369,-1.748325
45.500001,-0.595238,-1.06194,-2.29141
45.525001,-0.71091,-1.256241,-2.666978
45.550001,-0.715483,-1.419216,-2.861187
45.575001,-0.625346,-1.532272,-2.875368
45.600001,-0.466334,-1.580128,-2.722034
45.625001,-0.267669,-1.555394,-2.420102
45.650001,-0.056298,-1.460583,-1.991308
45.675001,0.146982,-1.307482,-1.458773
45.700001,0.329201,-1.114647,-0.847347
45.725001,0.484859,-0.90408,-0.184627
45.750001,0.614062,-0.698024,0.498457
45.775001,0.719802,-0.516381,1.168041
45.800001,0.80518,-0.374871,1.788729
45.825001,0.871343,-0.283788,2.325664
45.850001,0.916757,-0.247266,2.746928
45.875001,0.937982,-0.263103,3.026001
45.900001,0.931651,-0.323399,3.144077
45.925001,0.896831,-0.416149,3.091951
45.950001,0.836816,-0.52758,2.8711
45.975001,0.759605,-0.644643,2.493671
46.000001,0.67692,-0.756879,1.981381
46.025001,0.602184,-0.857123,1.363596
46.050001,0.548133,-0.941005,0.675047
46.075001,0.524659,-1.005702,-0.046456
46.100001,0.537184,-1.048695,-0.76211
46.125001,0.585682,-1.067198,-1.433918
46.150001,0.664389,-1.058622,-2.026225
46.175001,0.762332,-1.021958,-2.507084
46.200001,0.864788,-0.959536,-2.849651
46.225001,0.955629,-0.878309,-3.033751
46.250001,1.020108,-0.789914,-3.047608
46.275001,1.047334,-0.709142,-2.889386
46.300001,1.031571,-0.651128,-2.567959
46.325001,0.971978,-0.628071,-2.102469
46.350001,0.871048,-0.646469,-1.520612
46.375001,0.732665,-0.705545,-0.856053
46.400001,0.560811,-0.797096,-0.145608
46.425001,0.359539,-0.906617,0.57325
46.450001,0.134268,-1.015491,1.264146
46.475001,-0.106195,-1.103989,1.89268
46.500001,-0.347784,-1.15483,2.426554
46.525001,-0.570475,-1.156768,2.835531
46.550001,-0.749554,-1.107358,3.092082
46.575001,-0.859124,-1.013857,3.173486
46.600001,-0.877147,-0.89144,3.065374
46.625001,-0.790368,-0.758785,2.76553
46.650001,-0.597195,-0.63219,2.286198
46.675001,-0.307588,-0.520242,1.653756
46.700001,0.059191,-0.420952,0.906227
46.725001,0.477098,-0.322362,0.090156
46.750001,0.914663,-0.206489,-0.741813
46.775001,1.335478,-0.055678,-1.532793
46.800001,1.699791,0.140183,-2.224517
46.825001,1.969376,0.377683,-2.763038
46.850001,2.115877,0.63755,-3.107294
46.875001,2.129304,0.887602,-3.237372
46.900001,2.021521,1.090459,-3.157707
46.925001,1.82195,1.212979,-2.892877
46.950001,1.567649,1.233718,-2.478488
46.975001,1.292917,1.146211,-1.952246
47.000001,1.022383,0.958279,-1.348778
47.025001,0.768664,0.688985,-0.69845
47.050001,0.533652,0.364924,-0.02839
47.075001,0.312011,0.01687,0.636174
47.100001,0.095736,-0.322971,1.271179
47.125001,-0.121159,-0.623403,1.853485
47.150001,-0.338635,-0.856771,2.360564
47.175001,-0.548034,-1.001766,2.769817
47.200001,-0.731589,-1.046232,3.057942
47.225001,-0.864617,-0.989162,3.201501
47.250001,-0.920619,-0.840847,3.179855
47.275001,-0.878564,-0.620361,2.980589
47.300001,-0.730241,-0.350586,2.605779
47.325001,-0.484815,-0.052253,2.076176
47.350001,-0.168595,0.260545,1.431034
47.375001,0.17976,0.581364,0.723411
47.400001,0.516663,0.908558,0.012608
47.425001,0.801582,1.240023,-0.644199
47.450001,1.004115,1.568131,-1.199532
47.475001,1.109045,1.877227,-1.620974
47.500001,1.118195,2.144791,-1.893031
47.525001,1.048533,2.345676,-2.014994
47.550001,0.927274,2.457517,-1.995925
47.575001,0.785763,2.465292,-1.849124
47.600001,0.653823,2.363716,-1.588384
47.625001,0.55536,2.157216,-1.227135
47.650001,0.505218,1.858065,-0.780111
47.675001,0.507211,1.483686,-0.26618
47.700001,0.553641,1.05424,0.289407
47.725001,0.626886,0.591304,0.854884
47.750001,0.703366,0.117826,1.394591
47.775001,0.759355,-0.341278,1.873759
47.800001,0.77709,-0.758988,2.263736
47.825001,0.749202,-1.107448,2.54554
47.850001,0.68007,-1.360741,2.710431
47.875001,0.583958,-1.498397,2.757758
47.900001,0.480973,-1.508432,2.691715
47.925001,0.392167,-1.388953,2.518952
47.950001,0.334811,-1.147974,2.248211
47.975001,0.318491,-0.801721,1.891852
48.000001,0.342675,-0.372159,1.46796
48.025001,0.39656,0.115332,1.001284
48.050001,0.461672,0.633467,0.521719
48.075001,0.516787,1.153649,0.060402
48.100001,0.543692,1.646197,-0.355157
48.125001,0.53182,2.081032,-0.704791
48.150001,0.480447,2.429329,-0.976756
48.175001,0.398339,2.666022,-1.166036
48.200001,0.301722,2.77252,-1.271024
48.225001,0.211567,2.738895,-1.290309
48.250001,0.150579,2.564926,-1.221131
48.275001,0.139519,2.259765,-1.060519
48.300001,0.192442,1.840297,-0.809255
48.325001,0.311335,1.328694,-0.477489
48.350001,0.482241,0.7501,-0.089252
48.375001,0.675964,0.131397,0.317621
48.400001,0.855128,-0.498634,0.698106
48.425001,0.98569,-1.108576,1.011221
48.450001,1.047543,-1.664579,1.230382
48.475001,1.038966,-2.132445,1.347555
48.500001,0.973739,-2.481179,1.370007
48.525001,0.874034,-2.686693,1.312921
48.550001,0.763313,-2.734468,1.192392
48.575001,0.661574,-2.620727,1.021513
48.600001,0.582977,-2.352284,0.809855
48.625001,0.53483,-1.945456,0.56526
48.650001,0.517217,-1.424465,0.296428
48.675001,0.523304,-0.81966,0.014848
48.700001,0.54088,-0.165796,-0.26504
48.725001,0.555356,0.499588,-0.527768
48.750001,0.553587,1.137831,-0.760012
48.775001,0.527131,1.711062,-0.953387
48.800001,0.473737,2.184426,-1.105419
48.825001,0.396896,2.528445,-1.218353
48.850001,0.304262,2.721163,-1.29658
48.875001,0.206024,2.749786,-1.343879
48.900001,0.113736,2.611613,-1.361452
48.925001,0.039427,2.314219,-1.347381
48.950001,-0.005744,1.874878,-1.29783
48.975001,-0.013825,1.319277,-1.209977
49.000001,0.016964,0.679635,-1.085812
49.025001,0.080249,-0.007527,-0.934882
49.050001,0.162488,-0.703606,-0.77388
49.075001,0.247318,-1.36991,-0.622614
49.100001,0.321216,-1.969419,-0.49849
49.125001,0.377373,-2.468496,-0.412607
49.150001,0.416238,-2.838646,-0.369048
49.175001,0.443415,-3.058205,-0.366616
49.200001,0.466631,-3.113737,-0.40118
49.225001,0.493025,-3.000922,-0.467223
49.250001,0.527149,-2.724866,-0.558196
49.275001,0.569674,-2.299863,-0.666004
49.300001,0.616866,-1.748676,-0.780416
49.325001,0.661173,-1.101424,-0.889301
49.350001,0.693218,-0.394087,-0.980267
49.375001,0.704829,0.333403,-1.043448
49.400001,0.691893,1.039494,-1.074194
49.425001,0.655579,1.683639,-1.074177
49.450001,0.601386,2.228924,-1.050301
49.475001,0.536763,2.644392,-1.012151
49.500001,0.468696,2.906843,-0.969339
49.525001,0.402252,3.002047,-0.929731
49.550001,0.340309,2.925397,-0.898693
49.575001,0.28414,2.682037,-0.879023
49.600001,0.234422,2.286479,-0.871116
49.625001,0.192206,1.761756,-0.873188
49.650001,0.159488,1.138129,-0.881678
49.675001,0.139065,0.451404,-0.892052
49.700001,0.133669,-0.259057,-0.90005
49.725001,0.144854,-0.952545,-0.902945
49.750001,0.172305,-1.589318,-0.900147
49.775001,0.21397,-2.132873,-0.892786
49.800001,0.266726,-2.552053,-0.882541
49.825001,0.327013,-2.822845,-0.870309
49.850001,0.391033,-2.929784,-0.855219
49.875001,0.454528,-2.866898,-0.834123
49.900001,0.512487,-2.638116,-0.801638
49.925001,0.559249,-2.257103,-0.750792
49.950001,0.589377,-1.746477,-0.674435
49.975001,0.599323,-1.136407,-0.567324
50.000001,0.589354,-0.462667,-0.428318
50.025001,0.56468,0.235637,-0.261652
50.050001,0.534838,0.918424,-0.07642
50.075001,0.511299,1.546838,0.115704
50.100001,0.504317,2.085212,0.30332
50.125001,0.520354,2.502857,0.477262
50.150001,0.56079,2.775711,0.630831
50.175001,0.62171,2.887826,0.758521
50.200001,0.694269,2.83257,0.854076
50.225001,0.765382,2.613356,0.90897
50.250001,0.819183,2.243704,0.912366
50.275001,0.839964,1.746426,0.85336
50.300001,0.816825,1.15184,0.725511
50.325001,0.748717,0.495173,0.532068
50.350001,0.647027,-0.186291,0.288846
50.375001,0.533231,-0.855619,0.022154
50.400001,0.431945,-1.477787,-0.237861
50.425001,0.362896,-2.020667,-0.464878
50.450001,0.335732,-2.45605,-0.641058
50.475001,0.349172,-2.761081,-0.757186
50.500001,0.393306,-2.919988,-0.809666
50.525001,0.452969,-2.925627,-0.796841
50.550001,0.510905,-2.78038,-0.716596
50.575001,0.550603,-2.496089,-0.566123
50.600001,0.559207,-2.092942,-0.34385
50.625001,0.530591,-1.597481,-0.052735
50.650001,0.467856,-1.040203,0.296553
50.675001,0.383859,-0.453357,0.684397
50.700001,0.298681,0.130525,1.084171
50.725001,0.234328,0.679386,1.466982
50.750001,0.208544,1.162217,1.807177
50.775001,0.230154,1.550149,2.086046
50.800001,0.297347,1.8184,2.292307
50.825001,0.398777,1.9488,2.419806
50.850001,0.516371,1.932204,2.464245
50.875001,0.628871,1.770074,2.420932
50.900001,0.715766,1.474693,2.284888
50.925001,0.761544,1.067788,2.053474
50.950001,0.759744,0.577796,1.730401
50.975001,0.715474,0.036449,1.329035
51.000001,0.64489,-0.524258,0.872886
51.025001,0.571185,-1.073931,0.392537
51.050001,0.518297,-1.584339,-0.079796
51.075001,0.504658,-2.029398,-0.51556
51.100001,0.538944,-2.38553,-0.892819
51.125001,0.618523,-2.632972,-1.196061
51.150001,0.730058,-2.75792,-1.4136
51.175001,0.851373,-2.75484,-1.534253
51.200001,0.954169,-2.628035,-1.545173
51.225001,1.007868,-2.391676,-1.432329
51.250001,0.985095,-2.067735,-1.184333
51.275001,0.8685,-1.681998,-0.798842
51.300001,0.657185,-1.25921,-0.2892
51.325001,0.370047,-0.819281,0.311922
51.350001,0.043854,-0.376395,0.95432
51.375001,-0.274146,0.058477,1.577749
51.400001,-0.537238,0.473091,2.12308
51.425001,-0.710429,0.850243,2.543516
51.450001,-0.778035,1.167272,2.811969
51.475001,-0.745017,1.399225,2.922069
51.500001,-0.632196,1.524184,2.883256
51.525001,-0.468137,1.528314,2.713171
51.550001,-0.281123,1.408891,2.431145
51.575001,-0.093399,1.174803,2.054953
51.600001,0.081876,0.845026,1.60074
51.625001,0.241349,0.445997,1.084632
51.650001,0.390287,0.008767,0.524314
51.675001,0.539799,-0.433491,-0.060464
51.700001,0.702866,-0.847478,-0.648489
51.725001,0.889827,-1.201544,-1.218028
51.750001,1.104075,-1.467722,-1.747026
51.775001,1.33866,-1.624371,-2.212003
51.800001,1.574425,-1.659383,-2.586099
51.825001,1.780627,-1.573261,-2.837936
51.850001,1.919229,-1.380765,-2.93363
51.875001,1.953438,-1.109534,-2.843416
51.900001,1.858757,-0.794764,-2.551626
51.925001,1.632046,-0.470877,-2.065479
51.950001,1.293919,-0.163207,-1.417671
51.975001,0.883522,0.116638,-0.661385
52.000001,0.449135,0.369891,0.13917
52.025001,0.039112,0.605078,0.918302
52.050001,-0.304794,0.830583,1.616258
52.075001,-0.552056,1.048404,2.184614
52.100001,-0.686652,1.251284,2.590074
52.125001,-0.708552,1.424005,2.816185
52.150001,-0.632393,1.547978,2.862172
52.175001,-0.483164,1.607092,2.739096
52.200001,-0.290164,1.592587,2.464971
52.225001,-0.081141,1.505493,2.060893
52.250001,0.12193,1.35638,1.549311
52.275001,0.304871,1.163073,0.954245
52.300001,0.461266,0.947405,0.302344
52.325001,0.590811,0.731958,-0.376351
52.350001,0.696672,0.537393,-1.048627
52.375001,0.7826,0.380536,-1.679358
52.400001,0.850608,0.273083,-2.233505
52.425001,0.899867,0.220773,-2.678465
52.450001,0.927139,0.223049,-2.986507
52.475001,0.928542,0.273442,-3.1371
52.500001,0.901969,0.360871,-3.118897
52.525001,0.84917,0.471795,-2.931052
52.550001,0.776681,0.592712,-2.583495
52.575001,0.695246,0.712244,-2.096095
52.600001,0.618024,0.822168,-1.496888
52.625001,0.558225,0.917207,-0.819805
52.650001,0.526807,0.99393,-0.102307
52.675001,0.530642,1.049451,0.616813
52.700001,0.571299,1.080662,1.299317
52.725001,0.644514,1.084463,1.909106
52.750001,0.740457,1.058988,2.413567
52.775001,0.844948,1.005386,2.784869
52.800001,0.941634,0.929327,3.001425
52.825001,1.014779,0.841428,3.049565
52.850001,1.051974,0.75608,2.925176
52.875001,1.045875,0.688839,2.634748
52.900001,0.994385,0.653096,2.195275
52.925001,0.89938,0.657049,1.632832
52.950001,0.764776,0.70177,0.980137
52.975001,0.594978,0.780733,0.273709
53.000001,0.394511,0.880722,-0.448746
53.025001,0.169001,0.983878,-1.150262
53.050001,-0.072954,1.070638,-1.795659
53.075001,-0.317876,1.123284,-2.35181
53.100001,-0.546493,1.129591,-2.78764
53.125001,-0.734686,1.085806,-3.074698
53.150001,-0.856679,0.997875,-3.189088
53.175001,-0.889903,0.880084,-3.114869
53.200001,-0.819983,0.75097,-2.847878
53.225001,-0.643869,0.627545,-2.398228
53.250001,-0.370001,0.519756,-1.790247
53.275001,-0.016142,0.427157,-1.060101
53.300001,0.393256,0.338933,-0.252632
53.325001,0.82854,0.237293,0.581152
53.350001,1.255157,0.103428,1.385756
53.375001,1.634531,-0.075355,2.103436
53.400001,1.927877,-0.299226,2.678977
53.425001,2.103818,-0.552517,3.067668
53.450001,2.147336,-0.80544,3.244083
53.475001,2.064971,-1.020901,3.206954
53.500001,1.882487,-1.163922,2.976806
53.525001,1.635945,-1.209855,2.587657
53.550001,1.360972,-1.148719,2.077618
53.575001,1.084804,-0.985303,1.482629
53.600001,0.822899,-0.73648,0.834384
53.625001,0.579516,-0.427496,0.160968
53.650001,0.350858,-0.088453,-0.511773
53.675001,0.1295,0.248607,-1.159305
53.700001,-0.090867,0.552236,-1.758036
53.725001,-0.311241,0.794104,-2.284995
53.750001,-0.524406,0.95179,-2.717221
53.775001,-0.714045,1.011621,-3.031128
53.800001,-0.856487,0.970853,-3.20289
53.825001,-0.925374,0.838146,-3.211026
53.850001,-0.898684,0.631468,-3.04151
53.875001,-0.766154,0.373394,-2.693974
53.900001,-0.534299,0.08515,-2.186248
53.925001,-0.22685,-0.218268,-1.554809
53.950001,0.119417,-0.529734,-0.85071
53.975001,0.461675,-0.847691,-0.132482
54.000001,0.758786,-1.171125,0.541985
54.025001,0.97838,-1.494231,1.123035
54.050001,1.102235,-1.803277,1.575021
54.075001,1.128843,-2.077046,1.878944
54.100001,1.072348,-2.290583,2.031195
54.125001,0.958262,-2.420564,2.039089
54.150001,0.817511,-2.450192,1.915326
54.175001,0.680618,-2.372092,1.673784
54.200001,0.573009,-2.188756,1.328043
54.225001,0.511602,-1.910967,0.892586
54.250001,0.502591,-1.55516,0.385486
54.275001,0.540624,-1.140855,-0.169147
54.300001,0.609942,-0.689083,-0.740531
54.325001,0.68785,-0.222115,-1.293275
54.350001,0.750213,0.235954,-1.791789
54.375001,0.77761,0.658846,-2.205553
54.400001,0.760255,1.019007,-2.513161
54.425001,0.700054,1.290079,-2.703585
54.450001,0.609395,1.450351,-2.774558
54.475001,0.507456,1.485984,-2.729458
54.500001,0.415377,1.392975,-2.574657
54.525001,0.351409,1.177336,-2.318696
54.550001,0.326785,0.853655,-1.973447
54.575001,0.34296,0.442726,-1.556152
54.600001,0.390995,-0.030859,-1.090625
54.625001,0.45364,-0.540378,-0.606217
54.650001,0.509891,-1.057702,-0.134304
54.675001,0.540688,-1.553519,0.296496
54.700001,0.533864,-1.997872,0.664345
54.725001,0.486861,-2.361623,0.955795
54.750001,0.406844,-2.61885,1.164556
54.775001,0.308964,-2.749603,1.288369
54.800001,0.213752,-2.742256,1.325653
54.825001,0.144172,-2.594817,1.273557
54.850001,0.122068,-2.314834,1.128588
54.875001,0.163522,-1.917936,0.890158
54.900001,0.273367,-1.42541,0.566161
54.925001,0.440693,-0.861729,0.178066
54.950001,0.638403,-0.25304,-0.238002
54.975001,0.829112,0.372832,-0.636683
55.000001,0.976312,0.985515,-0.974255
55.025001,1.055865,1.551871,-1.219889
55.050001,1.062111,2.037637,-1.361466
55.075001,1.006326,2.410823,-1.403689
55.100001,0.910004,2.64558,-1.361041
55.125001,0.797316,2.725215,-1.250245
55.150001,0.689685,2.643706,-1.085502
55.175001,0.602915,2.405788,-0.877294
55.200001,0.545965,2.026,-0.633826
55.225001,0.520471,1.527124,-0.363606
55.250001,0.520903,0.938401,-0.077648
55.275001,0.53584,0.293777,0.209937
55.300001,0.550729,-0.369729,0.483461
55.325001,0.551668,-1.013642,0.728701
55.350001,0.528931,-1.59986,0.935919
55.375001,0.478906,-2.092821,1.101271
55.400001,0.404041,-2.461854,1.22602
55.425001,0.311433,-2.683417,1.314128
55.450001,0.211162,-2.742868,1.36941
55.475001,0.115019,-2.635562,1.393332
55.500001,0.035549,-2.367187,1.384163
55.525001,-0.015267,-1.953317,1.337915
55.550001,-0.02833,-1.418227,1.251141
55.575001,-0.000553,-0.793061,1.124882
55.600001,0.062708,-0.11361,0.967888
55.625001,0.148077,0.581942,0.796811
55.650001,0.238258,1.255019,0.632475
55.675001,0.318029,1.868376,0.494054
55.700001,0.378848,2.387754,0.394477
55.725001,0.420024,2.783616,0.339129
55.750001,0.446846,3.032883,0.327429
55.775001,0.467437,3.120432,0.355376
55.800001,0.489807,3.040114,0.417452
55.825001,0.519648,2.795182,0.50724
55.850001,0.55887,2.398142,0.616991
55.875001,0.604854,1.870114,0.736903
55.900001,0.650735,1.239789,0.855014
55.925001,0.687073,0.542019,0.958475
55.950001,0.704775,-0.183975,1.036168
55.975001,0.698213,-0.896826,1.081634
56.000001,0.667016,-1.55559,1.094726
56.025001,0.615673,-2.122405,1.081058
56.050001,0.551401,-2.564922,1.049685
56.075001,0.481614,-2.858244,1.01032
56.100001,0.412187,-2.986279,0.971242
56.125001,0.346892,-2.942504,0.938279
56.150001,0.287792,-2.730192,0.914585
56.175001,0.236126,-2.362125,0.900824
56.200001,0.193205,-1.859827,0.895489
56.225001,0.160936,-1.252346,0.89542
56.250001,0.141714,-0.574628,0.896653
56.275001,0.137681,0.134427,0.895616
56.300001,0.149791,0.834163,0.890255
56.325001,0.177302,1.484472,0.880516
56.350001,0.217997,2.048084,0.867878
56.375001,0.268868,2.4927,0.854214
56.400001,0.326711,2.792846,0.840549
56.425001,0.388256,2.931345,0.826151
56.450001,0.449862,2.900349,0.808074
56.475001,0.507112,2.701857,0.781142
56.500001,0.554752,2.347665,0.738473
56.525001,0.587355,1.85872,0.672673
56.550001,0.600844,1.263843,0.57776
56.575001,0.594439,0.597903,0.451368
56.600001,0.572078,-0.100412,0.296301
56.625001,0.542258,-0.790955,0.120453
56.650001,0.51603,-1.43438,-0.065116
56.675001,0.503948,-1.994179,-0.248998
56.700001,0.513335,-2.438509,-0.421662
56.725001,0.546724,-2.741871,-0.57608
56.750001,0.601472,-2.886625,-0.706749
56.775001,0.670021,-2.864238,-0.80786
56.800001,0.740498,-2.676098,-0.871635
56.825001,0.797911,-2.33372,-0.887902
56.850001,0.826643,-1.858122,-0.845747
56.875001,0.814664,-1.278276,-0.737511
56.900001,0.758528,-0.628692,-0.563928
56.925001,0.666649,0.053396,-0.33766
56.950001,0.558131,0.730571,-0.082414
56.975001,0.456775,1.367026,0.172771
57.000001,0.383175,1.929704,0.401083
57.025001,0.348889,2.389335,0.583267
57.050001,0.354747,2.721805,0.708632
57.075001,0.392585,2.909832,0.7726
57.100001,0.448402,2.944542,0.773101
57.125001,0.505507,2.826491,0.707921
57.150001,0.547337,2.565777,0.574071
57.175001,0.560305,2.181136,0.36933
57.200001,0.53689,1.698106,0.095364
57.225001,0.47837,1.146686,-0.23895
57.250001,0.395865,0.559065,-0.615793
57.275001,0.308424,-0.032006,-1.009735
57.300001,0.238137,-0.594101,-1.392093
57.325001,0.203917,-1.095695,-1.736525
57.350001,0.216413,-1.507153,-2.02323
57.375001,0.275746,-1.802535,-2.240022
57.400001,0.37219,-1.96206,-2.380392
57.425001,0.488758,-1.974585,-2.44019
57.450001,0.604613,-1.839383,-2.415015
57.475001,0.698845,-1.566651,-2.299783
57.500001,0.754617,-1.176469,-2.090904
57.525001,0.763303,-0.696311,-1.790188
57.550001,0.727468,-0.157723,-1.408531
57.575001,0.661103,0.406876,-0.967157
57.600001,0.58632,0.966356,-0.495274
57.625001,0.527367,1.49171,-0.024947
57.650001,0.504179,1.956126,0.41445
57.675001,0.527613,2.335234,0.799793
57.700001,0.597378,2.608215,1.114635
57.725001,0.70228,2.759802,1.346965
57.750001,0.821892,2.782589,1.485878
57.775001,0.929064,2.678801,1.519011
57.800001,0.993462,2.460664,1.4324
57.825001,0.986672,2.148803,1.213621
57.850001,0.888859,1.768624,0.857852
57.875001,0.69554,1.345555,0.374775
57.900001,0.421828,0.900921,-0.206863
57.925001,0.101653,0.4504,-0.839853
57.950001,-0.218772,0.005899,-1.465112
57.975001,-0.491702,-0.420229,-2.022568
58.000001,-0.679478,-0.81124,-2.462825
58.025001,-0.763045,-1.144913,-2.755484
58.050001,-0.74434,-1.396176,-2.891205
58.075001,-0.642267,-1.542197,-2.877465
58.100001,-0.484799,-1.567578,-2.731022
58.125001,-0.300757,-1.467737,-2.470994
58.150001,-0.113659,-1.249777,-2.115089
58.175001,0.061716,-0.931239,-1.679173
58.200001,0.220399,-0.537592,-1.178809
58.225001,0.36639,-0.099383,-0.630996
58.250001,0.510173,0.350343,-0.054913
58.275001,0.664955,0.778095,0.528572
58.300001,0.842201,1.151694,1.097936
58.325001,1.047262,1.442178,1.631492
58.350001,1.275758,1.626277,2.106573
58.375001,1.511355,1.689503,2.497636
58.400001,1.725734,1.62932,2.774679
58.425001,1.881925,1.457228,2.904269
58.450001,1.941867,1.198193,2.855045
58.475001,1.877188,0.886242,2.607222
58.500001,1.679251,0.556666,2.162225
58.525001,1.363486,0.237437,1.547146
58.550001,0.96583,-0.056474,0.811447
58.575001,0.533836,-0.323425,0.018088
58.600001,0.117062,-0.570372,-0.766465
58.625001,-0.240449,-0.805593,-1.480448
58.650001,-0.505433,-1.032022,-2.072806
58.675001,-0.659057,-1.243685,-2.507396
58.700001,-0.698745,-1.426294,-2.765066
58.725001,-0.637217,-1.561395,-2.842826
58.750001,-0.498448,-1.632157,-2.750192
58.775001,-0.311675,-1.628499,-2.50423
58.800001,-0.105359,-1.54995,-2.125395
58.825001,0.097363,-1.40579,-1.6355
58.850001,0.281062,-1.213024,-1.057759
58.875001,0.438307,-0.993219,-0.417875
58.900001,0.568256,-0.76921,0.25504
58.925001,0.67413,-0.562342,0.928486
58.950001,0.76026,-0.390473,1.567689
58.975001,0.829531,-0.266625,2.13752
59.000001,0.88192,-0.198094,2.604805
59.025001,0.914562,-0.185973,2.940727
59.050001,0.92326,-0.225299,3.123153
59.075001,0.904884,-0.306067,3.138694
59.100001,0.859691,-0.415154,2.984203
59.125001,0.79268,-0.538772,2.667339
59.150001,0.713448,-0.664719,2.206009
59.175001,0.634686,-0.783729,1.626787
59.200001,0.569885,-0.889572,0.962685
59.225001,0.530933,-0.978139,0.25073
59.250001,0.526082,-1.046135,-0.470338
59.275001,0.558491,-1.090141,-1.16207
59.300001,0.625456,-1.106604,-1.787951
59.325001,0.718423,-1.092883,-2.314752
59.350001,0.823945,-1.048991,-2.71375
59.375001,0.92565,-0.979294,-2.962064
59.400001,1.006995,-0.893268,-3.044258
59.425001,1.054145,-0.804718,-2.95402
59.450001,1.058106,-0.729417,-2.695445
59.475001,1.015381,-0.681789,-2.28328
59.500001,0.927036,-0.671653,-1.741826
59.525001,0.796846,-0.701944,-1.102689
59.550001,0.629554,-0.767889,-0.40195
59.575001,0.430157,-0.857659,0.322554
59.600001,0.204556,-0.954268,1.03333
59.625001,-0.038762,-1.038432,1.694448
59.650001,-0.286818,-1.092089,2.271956
59.675001,-0.521044,-1.102119,2.73394
59.700001,-0.717926,-1.063494,3.051028
59.725001,-0.851866,-0.980837,3.198171
59.750001,-0.899858,-0.867466,3.157897
59.775001,-0.846493,-0.74166,2.924132
59.800001,-0.687336,-0.621027,2.504887
59.825001,-0.429372,-0.516808,1.922451
59.850001,-0.088951,-0.430115,1.21116
59.875001,0.310957,-0.351397,0.41419
59.900001,0.742425,-0.263283,-0.419059
59.925001,1.172789,-0.146104,-1.234566
59.950001,1.564932,0.015126,-1.975411
59.975001,1.880063,0.224014,-2.585653
