time,phi_deg,theta_deg,psi_deg
0,0,0,0
0.2,8.670993,9.138649,24.911983
0.4,16.336687,17.218623,35.216013
0.6,9.948565,30.676703,5.468807
0.8,23.005338,29.504212,18.889271
1,37.290379,17.277549,38.617666
1.2,32.979648,28.035843,12.0752
1.4,33.968564,22.593261,2.102951
1.6,43.05285,-4.120522,18.146873
1.8,50.706096,-0.692224,-0.06734
2,54.88009,8.35102,-19.965514
2.2,59.841102,-18.98528,-11.403168
2.4,67.013784,-21.131307,-13.96577
2.6,74.586,5.61821,-22.649944
2.8,80.456872,-10.933023,-14.314897
3,82.10828,-25.714251,-2.580271
3.2,86.60531,3.913764,5.325141
3.4,94.059534,0.984029,16.344656
3.6,98.024244,-26.802675,24.242642
3.8,99.809966,-7.592401,36.387953
4,105.854454,4.254432,43.264426
4.2,113.84473,-23.437049,33.467018
4.4,120.154275,-16.037399,33.29868
4.6,125.27347,9.349556,40.120253
4.8,129.546348,-2.785912,17.591725
5,137.139088,-2.303732,2.969185
5.2,146.602539,24.628291,19.674321
5.4,145.372321,26.612594,4.687296
5.6,142.769984,17.138047,-18.492376
5.8,158.763762,30.53595,4.957514
6,168.875248,29.73828,12.529298
6.2,163.206325,15.638813,-16.509217
6.4,171.85452,8.514401,-0.923379
6.6,-179.97665,-1.030097,20.195105
6.8,-170.756197,-9.826027,-7.629272
7,-164.342554,-18.882667,-12.265859
7.2,-171.012472,-31.287942,17.117
7.4,-155.302027,-28.207086,-1.655972
7.6,-142.931706,-17.671656,-16.998524
7.8,-148.614816,-28.959427,12.059953
8,-145.288317,-20.14664,16.789285
8.2,-136.832315,5.674173,2.297678
8.4,-129.176726,-1.2408,23.665404
8.6,-124.964022,-6.63298,40.639687
8.8,-120.400033,21.769049,30.869165
9,-112.358518,18.624788,35.797168
9.2,-105.166721,-6.141934,43.198932
9.4,-99.661334,14.429871,33.550049
9.6,-98.177825,24.110262,22.102968
9.8,-93.220455,-6.356799,14.315523
10,-85.865324,2.211725,3.354163
10.2,-82.370662,27.082577,-4.916792
10.4,-80.128385,4.132661,-17.012017
10.6,-73.923279,-2.584661,-22.303622
10.8,-65.549065,25.036855,-11.908726
11,-60.043025,12.621018,-14.030902
11.2,-54.721655,-10.040879,-18.61227
11.4,-50.196328,4.510262,5.852589
11.6,-42.808819,-0.044593,16.640238
11.8,-32.964403,-26.50333,0.146113
12,-36.253275,-25.117331,19.735809
12.2,-37.087976,-17.459531,38.943604
12.4,-19.636897,-31.475337,12.624524
12.6,-12.666306,-28.71351,11.243253
12.8,-17.054142,-14.11539,38.285887
13,-7.675566,-7.825633,17.947806
13.2,0.020529,2.070186,1.371458
13.4,9.774703,10.584251,31.11121
13.6,14.69742,20.601463,29.893695
13.8,8.325062,31.725338,2.073545
14,26.252778,26.82927,25.456033
14.2,36.632893,18.428938,35.931937
14.4,29.887152,29.538238,5.246478
14.6,35.436713,17.478819,5.710475
14.8,43.317109,-6.761429,17.928258
15,50.822463,3.11706,-6.060891
15.2,55.211476,4.440256,-19.75337
15.4,59.382789,-24.100337,-9.332543
15.6,68.23093,-15.817284,-16.505771
15.8,75.100102,6.036163,-22.372449
16,80.122122,-17.74977,-11.575368
16.2,81.605538,-21.924015,-0.596725
16.4,86.99644,8.276504,7.220004
16.6,94.145882,-5.611871,18.07982
16.8,97.182049,-26.665122,26.807697
17,99.984897,-0.876978,38.669273
17.2,106.265338,0.441633,42.280709
17.4,114.946225,-26.078016,31.688516
17.6,119.817152,-9.044709,35.852247
17.8,125.186476,10.201784,37.788548
18,130.104749,-5.990836,12.010516
18.2,137.25341,2.71264,5.208807
18.4,147.213149,28.03578,20.602597
18.6,142.221391,23.451498,-2.937156
18.8,143.192896,18.1468,-17.695071
19,161.782124,32.216179,10.561889
19.2,165.656354,27.466584,5.787985
19.4,162.844535,12.747919,-18.234459
19.6,172.710344,7.148851,6.153106
19.8,-179.967148,-3.088477,17.611177
20,-169.763264,-11.395713,-12.976414
20.2,-166.544649,-22.271118,-5.911441
20.4,-171.966884,-31.972519,19.151277
20.6,-152.38028,-25.396689,-7.901969
20.8,-144.049551,-19.450425,-13.162937
21,-151.436802,-29.695525,18.161768
21.2,-143.940364,-14.595241,12.792486
21.4,-136.528467,7.425931,3.471733
21.6,-129.295405,-4.760222,29.466742
21.8,-124.621821,-1.758679,39.622421
22,-120.776471,25.979883,29.120733
22.2,-111.266754,12.892704,38.294198
22.4,-104.644267,-5.226592,42.426215
22.6,-100.217588,20.833486,30.640874
22.8,-98.569103,19.29707,20.301254
23,-92.778819,-9.545587,12.324251
23.2,-85.940994,9.139547,1.584276
23.4,-83.338847,25.607379,-7.649845
23.6,-79.924566,-2.021347,-19.095233
23.8,-73.627677,2.122348,-20.98216
24,-64.753537,26.561028,-10.624167
24.2,-60.29055,5.462235,-16.449322
24.4,-55.033483,-9.805979,-15.405691
24.6,-49.600658,7.20211,11.016286
24.8,-42.648836,-5.575999,13.840537
25,-32.940011,-29.146599,0.431217
25.2,-39.124365,-21.647376,27.070017
25.4,-36.336602,-19.12175,37.032666
25.6,-17.02589,-32.68359,7.858505
25.8,-16.016471,-25.932752,18.473048
26,-17.075964,-11.513524,38.609386
26.2,-6.967941,-6.409564,11.020029
26.4,0.095779,4.163667,5.074221
26.6,10.651487,12.335641,35.418661
26.8,12.000225,23.892919,22.720595
27,8.152859,32.123792,1.525051
27.2,28.807687,24.041591,31.175322
27.4,35.049042,20.719774,31.010147
27.6,27.478727,29.491077,0.086342
27.8,36.526942,11.637301,9.867239
28,43.629536,-7.613587,15.764694
28.2,50.474425,6.122755,-11.55988
28.4,55.458831,-1.290814,-18.039582
28.6,59.117366,-27.302956,-8.007192
28.8,69.073948,-9.926103,-18.841867
29,75.517661,3.781005,-21.095318
29.2,79.274071,-23.505496,-8.455159
29.4,81.261042,-16.260483,1.08072
29.6,87.425166,10.18786,9.325001
29.8,93.875593,-12.590177,19.958361
30,96.11375,-23.874837,29.678009
30.2,100.154329,4.52405,40.554439
30.4,106.448434,-4.945564,40.739263
30.6,115.368361,-26.394102,31.015012
30.8,119.667306,-1.923066,38.046887
31,124.671887,8.947602,33.800292
31.2,130.65631,-8.009676,7.408023
31.4,137.511209,8.626649,8.393702
31.6,146.56491,29.879335,18.993826
31.8,139.746169,19.866854,-9.772015
32,144.32577,20.39818,-14.729813
32.2,163.907924,32.930324,14.297927
32.4,162.436115,24.203439,-1.600398
32.6,163.150574,10.487156,-17.164164
32.8,173.313393,5.65144,12.674031
33,-179.731506,-5.246333,12.907277
33.2,-169.004223,-13.352664,-16.107558
33.4,-169.601815,-25.359796,1.800817
33.600001,-171.272102,-32.142469,18.145286
33.800001,-150.197591,-22.773215,-12.907729
34.000001,-146.076599,-22.097896,-7.254272
34.200001,-153.28389,-28.887887,22.182621
34.400001,-143.161931,-8.640162,8.668267
34.600001,-136.202659,7.404373,6.622472
34.800001,-129.790159,-7.076505,34.554806
35.000001,-124.545659,4.655203,37.349003
35.200001,-120.88431,28.081475,28.335138
35.400001,-110.718949,7.08241,40.417829
35.600001,-104.402559,-1.71339,40.66895
35.800001,-101.360188,25.701375,27.325121
36.000001,-98.897054,12.967055,18.723555
36.200001,-92.395364,-10.13954,10.112816
36.400001,-86.398743,15.87539,-0.451885
36.600001,-84.424458,21.572384,-10.574317
36.800001,-79.792787,-6.498419,-20.754937
37.000001,-73.484253,7.962809,-19.323553
37.200001,-64.668173,25.615933,-10.586645
37.400001,-60.324057,-1.414089,-18.331019
37.600001,-55.667612,-7.629435,-10.772443
37.800001,-49.130363,8.405898,14.93354
38.000001,-42.224971,-11.734896,10.445911
38.200001,-34.260919,-30.16608,3.38689
38.400001,-41.116129,-18.167447,33.231332
38.600001,-34.764205,-21.871419,33.101953
38.800001,-15.449571,-32.901651,5.323033
39.000001,-18.877883,-22.286006,25.732584
39.200001,-16.45528,-9.625153,36.210847
39.400001,-6.418218,-4.800803,5.161516
39.600001,0.594845,6.387345,10.641185
39.800001,11.288933,14.490415,37.291992
40.000001,8.761979,26.694594,14.799569
40.200001,9.74978,32.085547,4.078857
40.400001,30.63845,21.70215,35.302789
40.600001,32.626337,23.553816,24.259114
40.800001,26.318659,27.979958,-2.631744
41.000001,37.031099,5.758601,13.796056
41.200001,44.006203,-6.771093,11.672844
41.400001,49.959096,7.638892,-16.120408
41.600001,55.331971,-8.150491,-15.35214
41.800001,59.239562,-28.22396,-7.881147
42.000001,69.364872,-4.40333,-20.749829
42.200001,75.575586,-0.821964,-18.907575
42.400001,77.924631,-27.257316,-5.038722
42.600001,80.961813,-9.459502,2.556452
42.800001,87.771238,9.481127,11.622605
43.000001,93.279552,-18.798611,22.159182
43.200001,95.138621,-18.721161,32.541655
43.400001,100.302301,7.926251,41.952301
43.600001,106.672192,-11.001722,39.020548
43.800001,115.232013,-24.176973,31.552145
44.000001,119.774389,4.497851,39.531396
44.200001,124.042524,5.983772,28.678419
44.400001,131.04758,-8.272744,4.269998
44.600001,138.175705,14.88611,11.836579
44.800001,144.65091,30.068459,14.765357
45.000001,138.265608,16.720565,-15.129702
45.200001,146.377488,23.536661,-9.961583
45.400001,164.871465,32.678759,15.478794
45.600001,160.070276,20.325662,-8.508092
45.800001,164.055332,8.975045,-13.553374
46.000001,173.854965,3.916124,17.630014
46.200001,-178.904938,-7.49413,6.638999
46.400001,-168.529526,-15.676588,-16.683993
46.600001,-172.82178,-27.812115,9.576836
46.800001,-168.81744,-31.857979,14.144082
47.000001,-148.716404,-20.815347,-16.01494
47.200001,-148.824628,-24.937701,0.145238
47.400001,-153.679391,-26.734983,23.490489
47.600001,-142.845138,-3.007816,5.084419
47.800001,-135.729232,5.825223,11.555369
48.000001,-130.188305,-7.730813,38.458954
48.200001,-124.866841,11.703932,34.394642
48.400001,-120.448895,27.784172,28.962418
48.600001,-110.57486,2.032374,42.109618
48.800001,-104.485124,3.766371,38.122791
49.000001,-102.763468,28.166966,23.969587
49.200001,-99.132297,5.923681,17.349964
49.400001,-92.061545,-8.17815,7.752547
49.600001,-87.070442,21.312038,-2.793443
49.800001,-85.171411,15.491975,-13.275389
50.000001,-79.563771,-8.69453,-21.854332
50.200001,-73.064682,14.000975,-17.565181
50.400001,-64.895537,22.177567,-11.595209
50.600001,-60.079668,-7.170352,-19.335831
50.800001,-56.158809,-4.039226,-5.321954
51.000001,-48.788535,7.643791,17.226042
51.200001,-41.283951,-17.925768,7.096124
51.400001,-36.637181,-29.529088,8.722199
51.600001,-42.109011,-15.557224,37.688633
51.800001,-32.243539,-25.253929,27.662743
52.000001,-15.181493,-32.217609,5.625413
52.200001,-20.708904,-18.334059,32.110668
52.400001,-15.335077,-8.444147,31.542787
52.600001,-5.888056,-2.936589,1.314013
52.800001,1.744034,8.601023,17.412684
53.000001,11.512274,16.96324,36.56002
53.200001,5.715325,28.770989,7.493402
53.400001,12.918294,31.482076,9.323254
53.600001,31.746868,20.216946,37.280221
53.800001,29.621061,26.23312,16.443809
54.000001,26.668178,25.237141,-2.513108
54.200001,37.256718,0.522098,16.891616
54.400001,44.580715,-4.556943,6.057119
54.600001,49.766139,7.397636,-19.242054
54.800001,54.847501,-15.135432,-12.2613
55.000001,60.040716,-26.719632,-9.286978
55.200001,69.492045,0.003431,-22.199673
55.400001,75.409144,-6.945611,-16.083675
55.600001,76.633783,-28.338012,-1.922613
55.800001,80.829433,-2.428158,3.84542
56.000001,88.114052,6.339779,14.021817
56.200001,92.588815,-23.264353,24.598502
56.400001,94.690547,-11.954487,35.024674
56.600001,100.652556,8.826302,42.723899
56.800001,107.34984,-16.785058,37.223216
57.000001,115.009108,-19.623432,32.92822
57.200001,120.110909,9.40421,39.979728
57.400001,123.782162,1.960657,23.046096
57.600001,131.360074,-6.453175,2.867429
57.800001,139.35799,20.825303,14.960558
58.000001,141.945138,28.63136,8.551037
58.200001,137.684103,14.795335,-18.611696
58.400001,149.293381,26.996133,-4.054686
58.600001,164.361074,31.59669,13.627509
58.800001,158.714973,16.427502,-14.196769
59.000001,165.285223,8.049762,-8.00273
59.200001,174.329798,1.943185,20.221507
59.400001,-177.530105,-9.623965,-0.387203
59.600001,-168.6918,-18.286714,-14.639275
59.800001,-175.587657,-29.503669,16.144111
