Time,Value_1,Value_2,Value_3
0,0,0,0
0.025,0.0132407,0.0249116,0.00907553
0.05,0.0273592,0.0492907,0.035818
0.075,0.0431011,0.0726012,0.0787958
0.1,0.0609653,0.0943237,0.135692
0.125,0.0811239,0.114013,0.203412
0.15,0.103394,0.131389,0.278239
0.175,0.127272,0.146432,0.356038
0.2,0.152018,0.159463,0.432502
0.225,0.176776,0.171153,0.50342
0.25,0.200676,0.182478,0.564941
0.275,0.222904,0.194599,0.613802
0.3,0.242718,0.208704,0.647502
0.325,0.259423,0.225836,0.664403
0.35,0.272337,0.246731,0.663778
0.375,0.280788,0.271688,0.645792
0.4,0.284162,0.30049,0.611452
0.425,0.282008,0.332397,0.562542
0.45,0.274205,0.366217,0.501556
0.475,0.261132,0.400465,0.431658
0.5,0.243812,0.433593,0.356623
0.525,0.223961,0.46423,0.280749
0.55,0.203899,0.491386,0.20867
0.575,0.186332,0.514533,0.14507
0.6,0.174032,0.53355,0.0943161
0.625,0.169495,0.548529,0.0600728
0.65,0.17465,0.559519,0.0449692
0.675,0.190617,0.566307,0.0503375
0.7,0.217528,0.56831,0.0760356
0.725,0.254423,0.564659,0.120365
0.75,0.299258,0.554447,0.180134
0.775,0.349126,0.537105,0.250937
0.8,0.400694,0.512753,0.327655
0.825,0.450768,0.482408,0.405073
0.85,0.496798,0.447969,0.478437
0.875,0.537157,0.411991,0.543792
0.9,0.571142,0.377337,0.598084
0.925,0.598776,0.346817,0.639099
0.95,0.620507,0.322874,0.665354
0.975,0.636912,0.307362,0.676011
1,0.648461,0.301406,0.670831
1.025,0.655384,0.305329,0.650151
1.05,0.657652,0.318634,0.61486
1.075,0.655065,0.34004,0.566366
1.1,0.64744,0.367576,0.506572
1.125,0.634839,0.398748,0.437867
1.15,0.617811,0.430773,0.363158
1.175,0.597563,0.460862,0.285887
1.2,0.576006,0.486503,0.209986
1.225,0.555608,0.505686,0.139689
1.25,0.539053,0.516991,0.0791618
1.275,0.528761,0.51955,0.03202
1.3,0.526429,0.512883,0.000834325
1.325,0.532691,0.496741,-0.0132218
1.35,0.547018,0.471014,-0.0105011
1.375,0.567855,0.435776,0.00723977
1.4,0.592958,0.391429,0.0371705
1.425,0.619846,0.338885,0.0758321
1.45,0.646253,0.279682,0.119576
1.475,0.67047,0.215976,0.164893
1.5,0.691536,0.150418,0.208585
1.525,0.709272,0.0859274,0.247804
1.55,0.724182,0.0254438,0.280023
1.575,0.737269,-0.0283073,0.303022
1.6,0.74979,-0.0729907,0.314943
1.625,0.762964,-0.106775,0.314418
1.65,0.777696,-0.128396,0.300741
1.675,0.794362,-0.1372,0.274015
1.7,0.81272,-0.133188,0.235205
1.725,0.831979,-0.117074,0.18605
1.75,0.85102,-0.090317,0.128853
1.775,0.868685,-0.0551053,0.0662276
1.8,0.884058,-0.0142575,0.000859566
1.825,0.896675,0.0289632,-0.0646334
1.85,0.906605,0.071094,-0.127763
1.875,0.914438,0.108739,-0.186189
1.9,0.921143,0.138814,-0.237754
1.925,0.92786,0.158736,-0.280586
1.95,0.935633,0.166553,-0.313254
1.975,0.945155,0.161013,-0.334952
2,0.956609,0.141603,-0.345614
2.025,0.969634,0.108573,-0.345916
2.05,0.983452,0.0629517,-0.337156
2.075,0.997084,0.00653452,-0.321041
2.1,1.00961,-0.0581721,-0.299478
2.125,1.02036,-0.128073,-0.274418
2.15,1.0291,-0.199665,-0.247797
2.175,1.03609,-0.269267,-0.221541
2.2,1.04208,-0.33326,-0.197592
2.225,1.04823,-0.388313,-0.177897
2.25,1.0559,-0.431573,-0.164293
2.275,1.06641,-0.460799,-0.158272
2.3,1.08059,-0.474449,-0.160681
2.325,1.09861,-0.471747,-0.171477
2.35,1.11983,-0.452744,-0.189673
2.375,1.143,-0.418365,-0.213537
2.4,1.16665,-0.370426,-0.240955
2.425,1.1894,-0.31158,-0.269812
2.45,1.21033,-0.245182,-0.298249
2.475,1.22896,-0.175081,-0.324755
2.5,1.24533,-0.105368,-0.348129
2.525,1.25984,-0.0401212,-0.367413
2.55,1.27311,0.0168533,-0.381822
2.575,1.28586,0.0622369,-0.390738
2.6,1.29873,0.0933849,-0.39376
2.625,1.31213,0.108468,-0.390777
2.65,1.32617,0.10657,-0.382021
2.675,1.34063,0.0877511,-0.368058
2.7,1.35502,0.0530494,-0.349702
2.725,1.36875,0.00444299,-0.327875
2.75,1.38123,-0.0552548,-0.30347
2.775,1.39199,-0.122553,-0.277257
2.8,1.40077,-0.193491,-0.249855
2.825,1.40748,-0.263869,-0.221764
2.85,1.41227,-0.329508,-0.193422
2.875,1.41548,-0.386492,-0.165279
2.9,1.41763,-0.431403,-0.137832
2.925,1.41938,-0.461518,-0.111623
2.95,1.4214,-0.474966,-0.0871621
2.975,1.42428,-0.470831,-0.0648133
3,1.42841,-0.449192,-0.0446851
3.025,1.43392,-0.411125,-0.0265866
3.05,1.44079,-0.35863,-0.0100632
3.075,1.44887,-0.294531,0.00550988
3.1,1.45804,-0.222318,0.0208234
3.125,1.46825,-0.145956,0.0365499
3.15,1.47955,-0.0696667,0.053285
3.175,1.49205,0.00230863,0.0715019
3.2,1.50585,0.0659453,0.091504
3.225,1.52098,0.117665,0.113374
3.25,1.5373,0.154546,0.13693
3.275,1.55448,0.174492,0.16172
3.3,1.57204,0.176369,0.187074
3.325,1.58938,0.160075,0.212223
3.35,1.60596,0.126543,0.236455
3.375,1.62141,0.0776892,0.25924
3.4,1.63552,0.0162884,0.280309
3.425,1.64826,-0.0541897,0.299659
3.45,1.65972,-0.129785,0.317517
3.475,1.67001,-0.206274,0.33429
3.5,1.6792,-0.279406,0.350513
3.525,1.68727,-0.345144,0.366802
3.55,1.69415,-0.399884,0.383799
3.575,1.69975,-0.440657,0.402094
3.6,1.70404,-0.465291,0.422134
3.625,1.70716,-0.472528,0.444134
3.65,1.70946,-0.462099,0.468034
3.675,1.71146,-0.434736,0.493534
3.70001,1.71382,-0.392144,0.520189
3.72501,1.71715,-0.3369,0.547511
3.75001,1.72196,-0.27231,0.57505
3.77501,1.72862,-0.202217,0.602403
3.80001,1.73727,-0.130776,0.629178
3.82501,1.74788,-0.0622041,0.65493
3.85001,1.76022,-0.000533103,0.679097
3.87501,1.77387,0.0506336,0.700965
3.90001,1.78827,0.0883331,0.719679
3.92501,1.80282,0.110412,0.73433
3.95001,1.81702,0.11564,0.744079
3.97501,1.83059,0.103769,0.748303
4.00001,1.84355,0.0755297,0.746695
4.02501,1.85625,0.0325849,0.739289
4.05001,1.86928,-0.0225625,0.72642
4.07501,1.88336,-0.0867044,0.708647
4.10001,1.89912,-0.156104,0.686702
4.12501,1.91703,-0.22671,0.66148
4.15001,1.93719,-0.294402,0.63409
4.17501,1.95928,-0.35525,0.605937
4.20001,1.98248,-0.405771,0.578763
4.22501,2.00554,-0.443144,0.554591
4.25001,2.02702,-0.465362,0.535508
4.27501,2.04562,-0.471311,0.523314
4.30001,2.0606,-0.460764,0.519149
4.32501,2.07192,-0.434343,0.523253
4.35001,2.08031,-0.393455,0.53497
4.37501,2.08696,-0.340233,0.552956
4.40001,2.09321,-0.277442,0.575475
4.42501,2.10024,-0.208358,0.600636
4.45001,2.10889,-0.136582,0.626537
4.47501,2.11947,-0.0658234,0.651285
4.50001,2.13184,0.000344262,0.672977
4.52501,2.14541,0.0587143,0.689683
4.55001,2.15929,0.10664,0.699494
4.57501,2.17249,0.142167,0.70066
4.60001,2.1842,0.164109,0.691797
4.62501,2.19397,0.172057,0.672103
4.65001,2.20188,0.166378,0.6415
4.67501,2.20854,0.148189,0.600659
4.70001,2.21498,0.119322,0.550894
4.72501,2.22233,0.0822629,0.493989
4.75001,2.23163,0.0400355,0.432029
4.77501,2.24356,-0.00398019,0.367287
4.80001,2.2583,-0.0462841,0.302181
4.82501,2.27549,-0.0835223,0.239263
4.85001,2.2943,-0.112741,0.181174
4.87501,2.3136,-0.131591,0.130524
4.90001,2.33222,-0.13844,0.0896771
4.92501,2.34929,-0.132417,0.0604892
4.95001,2.36443,-0.113376,0.0440842
4.97501,2.37789,-0.0818491,0.0407377
5.00001,2.39046,-0.0389947,0.0499006
5.02501,2.40332,0.0134451,0.0703331
5.05001,2.41773,0.0732042,0.100279
5.07501,2.43477,0.137595,0.137605
5.10001,2.45506,0.203673,0.179873
5.12501,2.47856,0.268463,0.22433
5.15001,2.50447,0.329208,0.267878
5.17501,2.53124,0.383603,0.307089
5.20001,2.55668,0.429949,0.338343
5.22501,2.57832,0.467182,0.358129
5.25001,2.59386,0.494783,0.363469
5.27501,2.60156,0.512608,0.35238
5.30001,2.60072,0.520731,0.324233
5.32501,2.59177,0.51938,0.279929
5.35001,2.57624,0.509004,0.221804
5.37501,2.55649,0.490425,0.153312
5.40001,2.53517,0.465001,0.0785345
5.42501,2.51483,0.434689,0.00168916
5.45001,2.49745,0.40197,-0.0732647
5.47501,2.48436,0.369642,-0.142837
5.50001,2.47616,0.340547,-0.204066
5.52501,2.47297,0.317274,-0.254503
5.55001,2.47459,0.301923,-0.292176
5.57501,2.48079,0.295923,-0.315597
5.60001,2.49149,0.299929,-0.323781
5.62501,2.50686,0.313775,-0.316284
5.65001,2.52732,0.336484,-0.293232
5.67501,2.55347,0.366331,-0.255335
5.70001,2.58582,0.400961,-0.203928
5.72501,2.62454,0.437599,-0.141042
5.75001,2.66912,0.473339,-0.0695182
5.77501,2.71817,0.505497,0.00691747
5.80001,2.76936,0.531972,0.0836976
5.82501,2.8196,0.551507,0.155694
5.85001,2.86554,0.563758,0.217729
5.87501,2.90412,0.569134,0.265203
5.90001,2.93308,0.568466,0.294635
5.92501,2.9512,0.562633,0.304005
5.95001,2.95841,0.55228,0.292864
5.97501,2.95565,0.5377,0.262276
6.00001,2.94474,0.518903,0.214653
6.02501,2.92812,0.495826,0.153502
6.05001,2.90855,0.468585,0.0830899
6.07501,2.88878,0.437679,0.00805943
6.10001,2.87121,0.404072,-0.0669448
6.12501,2.85765,0.369129,-0.137579
6.15001,2.84922,0.334427,-0.199993
6.17501,2.84636,0.30151,-0.250934
6.20001,2.849,0.271663,-0.287792
6.22501,2.85673,0.24573,-0.308653
6.25001,2.86893,0.224037,-0.312356
6.27501,2.88493,0.206379,-0.298563
6.30001,2.90408,0.192093,-0.267814
6.32502,2.92571,0.180175,-0.221558
6.35002,2.94913,0.169433,-0.16212
6.37502,2.97356,0.158662,-0.0926101
6.40002,2.9982,0.146801,-0.0167682
6.42502,3.02218,0.133065,0.0612549
6.45002,3.04476,0.117013,0.137153
6.47502,3.06536,0.0985499,0.206736
6.50002,3.08372,0.0778667,0.266183
6.52502,3.09991,0.0553463,0.312259
6.55002,3.11435,0.0314725,0.342483
6.57502,3.12772,0.00676453,0.355244
6.60002,3.14088,-0.0182506,0.349873
6.62502,3.15471,-0.0430383,0.326669
6.65002,3.17003,-0.06705,0.286882
6.67502,3.1874,-0.0897372,0.232662
6.70002,3.20708,-0.110601,0.166958
6.72502,3.229,-0.129276,0.0933751
6.75002,3.25271,-0.145637,0.0159801
6.77502,3.27752,-0.15988,-0.0609316
6.80002,3.30255,-0.172561,-0.133103
6.82502,3.3269,-0.184562,-0.196582
6.85002,3.34972,-0.196989,-0.24796
6.87502,3.3702,-0.211016,-0.28456
6.90002,3.38761,-0.227716,-0.30456
6.92502,3.40125,-0.24789,-0.307042
6.95002,3.41045,-0.271927,-0.291995
6.97502,3.41457,-0.299717,-0.260266
7.00002,3.41314,-0.330624,-0.2135
7.02502,3.40599,-0.363549,-0.154078
7.05002,3.39344,-0.397076,-0.0850624
7.07502,3.37642,-0.429686,-0.010153
7.10002,3.35655,-0.46001,0.0664062
7.12502,3.33608,-0.48703,0.139997
7.15002,3.31765,-0.510191,0.205903
7.17502,3.30404,-0.529364,0.259669
7.20002,3.29779,-0.544661,0.297482
7.22502,3.30094,-0.556193,0.316509
7.25002,3.31476,-0.563823,0.315163
7.27502,3.33958,-0.567042,0.293288
7.30002,3.37469,-0.565003,0.252265
7.32502,3.41826,-0.556751,0.194982
7.35002,3.46758,-0.541572,0.125624
7.37502,3.51936,-0.519372,0.0492181
7.40002,3.57032,-0.490926,-0.0289664
7.42502,3.61772,-0.457919,-0.104006
7.45002,3.6597,-0.422758,-0.171724
7.47502,3.69534,-0.388245,-0.228844
7.50002,3.72451,-0.357205,-0.27296
7.52502,3.74758,-0.332162,-0.302431
7.55002,3.76508,-0.31509,-0.316286
7.57502,3.77754,-0.30726,-0.314169
7.60002,3.78522,-0.30915,-0.296308
7.62502,3.78816,-0.320421,-0.263495
7.65002,3.7862,-0.33994,-0.217054
7.67502,3.77917,-0.365871,-0.158813
7.70002,3.76708,-0.395819,-0.0911015
7.72502,3.75043,-0.427066,-0.0167671
7.75002,3.73033,-0.45684,0.0607976
7.77502,3.70859,-0.482606,0.137692
7.80002,3.68762,-0.502301,0.209677
7.82502,3.6701,-0.514448,0.272512
7.85002,3.65852,-0.518128,0.322435
7.87502,3.65471,-0.512833,0.356652
7.90002,3.6595,-0.498295,0.373723
7.92502,3.67256,-0.474375,0.373722
7.95002,3.6925,-0.441087,0.358167
7.97502,3.71717,-0.398727,0.329723
8.00002,3.74409,-0.348064,0.291777
8.02502,3.77093,-0.29047,0.24799
8.05002,3.79583,-0.227951,0.201943
8.07502,3.81768,-0.16304,0.156931
8.10002,3.83614,-0.0985912,0.115902
8.12502,3.8516,-0.0375273,0.0814704
8.15002,3.86497,0.0173961,0.0559429
8.17502,3.8775,0.0637815,0.0412755
8.20002,3.89044,0.0997128,0.0389602
8.22502,3.90478,0.123825,0.0498558
8.25002,3.92104,0.135347,0.0740297
8.27502,3.93909,0.134144,0.110683
8.30002,3.95825,0.120775,0.158206
8.32502,3.97746,0.0965293,0.214367
8.35002,3.99555,0.0634311,0.276567
8.37502,4.01153,0.0241571,0.342081
8.40001,4.02483,-0.0181301,0.40823
8.42501,4.03541,-0.060017,0.472455
8.45001,4.04376,-0.0981029,0.532347
8.47501,4.05078,-0.129251,0.585677
8.50001,4.05759,-0.15079,0.630487
8.52501,4.06527,-0.160652,0.665235
8.55001,4.07457,-0.157456,0.68898
8.57501,4.08577,-0.140543,0.701512
8.60001,4.0986,-0.110011,0.703375
8.62501,4.11233,-0.0667282,0.695772
8.65001,4.12601,-0.0123321,0.680356
8.67501,4.13868,0.0508153,0.659025
8.70001,4.14961,0.119736,0.633747
8.72501,4.15848,0.191008,0.606489
8.75001,4.16545,0.260984,0.579206
8.77501,4.17122,0.326037,0.553877
8.80001,4.1769,0.382789,0.532501
8.82501,4.18388,0.428306,0.517004
8.85001,4.19355,0.460241,0.509018
8.87501,4.20691,0.476927,0.509579
8.90001,4.22427,0.477442,0.518849
8.92501,4.24513,0.461663,0.536011
8.95001,4.26834,0.430331,0.559422
8.97501,4.29236,0.385068,0.58696
9.00001,4.31576,0.328355,0.616431
9.02501,4.33745,0.263404,0.645858
9.05,4.35685,0.193974,0.673614
9.075,4.37388,0.124118,0.698408
9.1,4.38888,0.0579258,0.719208
9.125,4.40243,-0.000732441,0.735175
9.15,4.41528,-0.0484362,0.745635
9.175,4.42809,-0.0824045,0.750123
9.2,4.44134,-0.100646,0.74845
9.225,4.45522,-0.102065,0.740772
9.25,4.46956,-0.0865296,0.727591
9.275,4.48393,-0.0548882,0.709689
9.3,4.49772,-0.0089389,0.687991
9.325,4.51033,0.0486607,0.663422
9.35,4.52126,0.114542,0.636803
9.375,4.53018,0.18482,0.608814
9.4,4.53697,0.255329,0.580005
9.425,4.54175,0.321871,0.550864
9.45,4.54486,0.380467,0.521883
9.475,4.54681,0.427593,0.493608
9.5,4.54828,0.46039,0.466633
9.525,4.55001,0.476822,0.441535
9.55,4.55262,0.47579,0.418747
9.575,4.55654,0.457189,0.398436
9.6,4.56195,0.421904,0.380444
9.625,4.56879,0.371766,0.364318
9.65,4.57688,0.309444,0.349403
9.675,4.58605,0.238308,0.33496
9.7,4.59622,0.16224,0.32026
9.72499,4.60739,0.0854236,0.304648
9.74999,4.61967,0.0121092,0.287584
9.77499,4.63318,-0.0536238,0.268691
9.79999,4.64799,-0.108098,0.247803
9.82499,4.66402,-0.14825,0.225012
9.84999,4.68103,-0.171812,0.20069
9.87499,4.69854,-0.177453,0.175451
9.89999,4.71599,-0.164862,0.150052
9.92499,4.73282,-0.13477,0.125239
9.94999,4.74859,-0.0889068,0.10161
9.97499,4.76302,-0.0298917,0.0795216
9.99999,4.77604,0.0389238,0.0590635
10.025,4.78769,0.113654,0.0400863
10.05,4.79809,0.190104,0.0222518
10.075,4.80731,0.264004,0.00508614
10.1,4.81539,0.331251,-0.0119702
10.125,4.82229,0.388137,-0.0295085
10.15,4.82795,0.431552,-0.0480828
10.175,4.83238,0.459156,-0.068125
10.2,4.83571,0.46951,-0.0898638
10.225,4.83825,0.462152,-0.113281
10.25,4.8405,0.437631,-0.138135
10.275,4.84306,0.397475,-0.164038
10.3,4.84652,0.344111,-0.190562
10.325,4.85137,0.280724,-0.217302
10.35,4.85798,0.211078,-0.243902
10.375,4.86651,0.139288,-0.270019
10.4,4.87698,0.0695844,-0.29526
10.425,4.88917,0.0060585,-0.319123
10.45,4.90272,-0.0475815,-0.340951
10.475,4.91711,-0.0882287,-0.359935
10.5,4.93175,-0.113557,-0.375186
10.525,4.94611,-0.122148,-0.385847
10.55,4.95984,-0.113559,-0.391246
10.575,4.97292,-0.0883316,-0.391004
10.6,4.98562,-0.0479586,-0.385078
10.625,4.99848,0.0052067,-0.373733
10.65,5.01218,0.0680744,-0.35747
10.675,5.02738,0.136987,-0.336967
10.7,5.04459,0.207929,-0.313055
10.725,5.06401,0.276763,-0.286767
10.75,5.08541,0.33949,-0.2594
10.775,5.10812,0.392507,-0.232581
10.8,5.13099,0.432829,-0.208233
10.825,5.15264,0.458265,-0.188403
10.85,5.17175,0.467506,-0.174936
10.875,5.18746,0.460144,-0.169103
10.9,5.19959,0.436638,-0.171335
10.925,5.20871,0.398256,-0.18117
10.95,5.21589,0.347012,-0.197422
10.975,5.22244,0.285577,-0.21846
11,5.22956,0.217163,-0.242461
11.025,5.23813,0.145346,-0.267565
11.05,5.24855,0.0738535,-0.291914
11.075,5.26076,0.00632167,-0.31364
11.1,5.27424,-0.0539377,-0.330837
11.125,5.28816,-0.104141,-0.341603
11.15,5.30154,-0.142178,-0.344155
11.175,5.31351,-0.166697,-0.337031
11.2,5.32353,-0.177133,-0.319308
11.225,5.33161,-0.1737,-0.290765
11.25,5.33828,-0.157374,-0.251935
11.275,5.34449,-0.129863,-0.204012
11.3,5.3514,-0.093547,-0.148688
11.325,5.36009,-0.0513797,-0.0879726
11.35,5.37133,-0.00671379,-0.024073
11.375,5.38541,0.0369249,0.0406617
11.4,5.40208,0.0761024,0.103749
11.425,5.4206,0.107738,0.162598
11.45,5.43988,0.12932,0.214614
11.475,5.45872,0.139047,0.25739
11.5,5.47618,0.13588,0.288962
11.525,5.49174,0.119524,0.308054
11.55,5.50551,0.090382,0.314217
11.575,5.51819,0.0495001,0.307838
11.6,5.53088,-0.00147506,0.290021
11.625,5.54486,-0.0603527,0.262417
11.65,5.56123,-0.124492,0.227069
11.675,5.58074,-0.190955,0.18633
11.7,5.60349,-0.256722,0.142858
11.725,5.62885,-0.318938,0.0996485
11.75,5.65541,-0.37516,0.0600419
11.775,5.6811,-0.423522,0.0276127
11.8,5.70347,-0.462804,0.00590596
11.825,5.72016,-0.49236,-0.00197238
11.85,5.72929,-0.511964,0.00617844
11.875,5.72996,-0.521646,0.0312569
11.9,5.7224,-0.521609,0.0726467
11.925,5.70798,-0.51227,0.128257
11.95,5.68894,-0.494404,0.194813
11.975,5.66793,-0.469307,0.268331
12,5.64754,-0.438876,0.344618
12.025,5.62985,-0.405554,0.419694
12.05,5.61627,-0.372144,0.490022
12.075,5.6075,-0.341534,0.552588
12.1,5.6037,-0.316406,0.604882
12.125,5.60469,-0.298986,0.64487
12.15,5.6102,-0.29085,0.670981
12.175,5.62009,-0.292812,0.68214
12.2,5.63447,-0.304868,0.677798
12.225,5.65373,-0.326195,0.657967
12.25,5.67844,-0.3552,0.623233
12.275,5.70918,-0.389633,0.574788
12.3,5.74623,-0.426766,0.51449
12.325,5.78928,-0.463668,0.444971
12.35,5.83719,-0.497548,0.369729
12.375,5.88783,-0.526117,0.293126
12.4,5.93827,-0.54788,0.220175
12.425,5.98516,-0.562257,0.156072
12.45,6.02533,-0.569478,0.105588
12.475,6.0563,-0.570278,0.0724775
12.5,6.0766,-0.56553,0.0590855
12.525,6.08593,-0.555929,0.0661817
12.55,6.08505,-0.541843,0.0929856
12.575,6.07563,-0.523349,0.137318
12.6,6.06006,-0.500417,0.195847
12.625,6.04107,-0.473157,0.264418
12.65,6.02144,-0.442043,0.338439
12.6749,6.00366,-0.408008,0.413262
12.6999,5.98964,-0.372407,0.484502
12.7249,5.98058,-0.336836,0.548239
12.7499,5.97701,-0.3029,0.601128
12.7749,5.97893,-0.271969,0.640454
12.7999,5.98593,-0.244997,0.664174
12.8249,5.99742,-0.222418,0.670974
12.8499,6.01273,-0.204131,0.660344
12.8749,6.03121,-0.189552,0.63264
12.8999,6.05222,-0.177724,0.589119
12.9249,6.07512,-0.167464,0.531922
12.9499,6.09919,-0.157532,0.464
12.9749,6.12366,-0.14679,0.388967
12.9999,6.1477,-0.134347,0.310903
13.0249,6.17054,-0.11964,0.234097
13.0499,6.19155,-0.102456,0.162784
13.0749,6.2104,-0.0828874,0.100881
13.0999,6.22706,-0.0612477,0.0517581
13.1249,6.24186,-0.037978,0.0180602
13.1499,6.25541,-0.0135758,0.001578
13.1749,6.26854,0.0114411,0.00316923
13.1999,6.28213,0.0365392,0.022725
13.2249,0.0138532,0.061162,0.0591784
13.2499,0.0307201,0.0847376,0.110554
13.2749,0.0499084,0.10672,0.174055
13.2999,0.0714224,0.126669,0.246202
13.3249,0.0949064,0.144353,0.323005
13.3499,0.119703,0.159848,0.400196
13.3749,0.144956,0.173589,0.473484
13.3999,0.169735,0.186354,0.538825
13.4249,0.193124,0.199182,0.592674
13.4499,0.214279,0.213226,0.632179
13.4749,0.232425,0.229578,0.655327
13.4999,0.246832,0.249097,0.661009
13.5249,0.256805,0.272261,0.649028
13.5499,0.261706,0.299063,0.620064
13.5749,0.261042,0.328976,0.575615
13.5999,0.254604,0.360998,0.517936
13.6249,0.242634,0.393783,0.449985
13.6499,0.225978,0.425851,0.375377
13.6749,0.206162,0.455833,0.298294
13.6999,0.185341,0.482688,0.22333
13.7249,0.166121,0.505831,0.155225
13.7499,0.151259,0.525115,0.0985139
13.7749,0.143344,0.540674,0.0571511
13.7999,0.144496,0.55267,0.0341653
13.8249,0.156132,0.561049,0.0313924
13.8499,0.178784,0.565382,0.049281
13.8749,0.211966,0.564863,0.0867735
13.8999,0.254111,0.558506,0.141294
13.9249,0.302681,0.545474,0.20891
13.9499,0.354483,0.525468,0.284723
13.9749,0.40619,0.499019,0.363445
13.9999,0.454889,0.467581,0.440005
14.0249,0.498485,0.433392,0.510004
14.0499,0.535831,0.399172,0.569935
14.0749,0.566617,0.367748,0.617188
14.0999,0.591101,0.34171,0.649951
14.1249,0.609803,0.32315,0.667112
14.1499,0.623242,0.313483,0.668191
14.1749,0.631753,0.313345,0.653301
14.1999,0.635423,0.322557,0.623132
14.2249,0.634136,0.340143,0.578916
14.2499,0.627732,0.364403,0.522403
14.2749,0.616213,0.393053,0.455855
14.2999,0.599995,0.423444,0.382055
14.3249,0.580097,0.45283,0.304342
14.3499,0.558241,0.478658,0.226575
14.3749,0.536758,0.498814,0.152992
14.3999,0.518309,0.511759,0.0878943
14.4249,0.505449,0.516522,0.0351821
14.4499,0.500144,0.512562,-0.00213618
14.4749,0.503406,0.499595,-0.0223494
14.4999,0.515106,0.47746,-0.0252487
14.5249,0.53403,0.446119,-0.0120944
14.5499,0.558145,0.405772,0.0146362
14.5749,0.585003,0.357047,0.0516526
14.5999,0.612198,0.301153,0.0952983
14.6249,0.637759,0.239937,0.14193
14.6499,0.660404,0.175802,0.188158
14.6749,0.679638,0.111523,0.230935
14.6999,0.695706,0.0499981,0.26755
14.7249,0.709443,-0.00599532,0.29561
14.7499,0.722042,-0.0540017,0.313062
14.7749,0.734786,-0.0920225,0.318293
14.7999,0.748755,-0.118594,0.310293
14.8249,0.764575,-0.132829,0.28882
14.8499,0.782275,-0.134462,0.254501
14.8749,0.801288,-0.123894,0.208799
14.8999,0.820609,-0.10225,0.153858
14.9249,0.839068,-0.0713813,0.0922494
14.9499,0.855624,-0.0338159,0.026724
14.9749,0.869607,0.0073965,-0.0399793
14.9999,0.880862,0.0489031,-0.105232
15.0249,0.889771,0.0873094,-0.166555
15.0499,0.89716,0.119434,-0.221647
15.0749,0.904114,0.142521,-0.268461
15.0999,0.911722,0.154392,-0.305349
15.1249,0.920813,0.153533,-0.331233
15.1499,0.931756,0.139144,-0.345754
15.1749,0.944373,0.111166,-0.34932
15.1999,0.958009,0.0703066,-0.34302
15.2249,0.971723,0.0180416,-0.328448
15.2499,0.984533,-0.0434181,-0.307482
15.2749,0.995654,-0.111221,-0.282102
15.2999,1.00468,-0.182033,-0.2543
15.3249,1.01168,-0.252253,-0.226062
15.3499,1.01727,-0.318253,-0.199399
15.3749,1.02252,-0.376612,-0.176358
15.3999,1.02883,-0.42432,-0.158944
15.4249,1.03765,-0.458928,-0.148922
15.4499,1.05011,-0.478646,-0.147514
15.4749,1.06672,-0.482407,-0.155096
15.4999,1.08713,-0.469923,-0.171043
15.5249,1.11026,-0.441744,-0.193824
15.5499,1.1346,-0.3993,-0.221336
15.5749,1.15861,-0.344884,-0.251313
15.5999,1.18107,-0.28156,-0.281664
15.6249,1.20127,-0.212979,-0.310641
15.6499,1.21902,-0.143145,-0.336852
15.6749,1.23457,-0.0761516,-0.359187
15.6999,1.24848,-0.0159224,-0.376748
15.7249,1.26147,0.0340243,-0.388806
15.7499,1.27426,0.0707747,-0.39483
15.7749,1.28738,0.0921767,-0.394558
15.7999,1.3011,0.0969548,-0.388063
15.8249,1.31531,0.0847833,-0.37578
15.8499,1.32964,0.056316,-0.358445
15.8749,1.34348,0.0131648,-0.336979
15.8999,1.35622,-0.0421775,-0.312334
15.9249,1.36732,-0.106473,-0.28538
15.9499,1.37639,-0.175928,-0.256851
15.9749,1.3833,-0.246416,-0.227355
15.9999,1.3881,-0.313731,-0.197425
16.0249,1.39112,-0.373838,-0.167596
16.0499,1.39288,-0.423115,-0.138459
16.0749,1.39408,-0.458567,-0.110663
16.0999,1.39549,-0.477996,-0.0848486
16.1249,1.3978,-0.480121,-0.0615241
16.1499,1.40149,-0.464647,-0.0409256
16.1749,1.40675,-0.43227,-0.0229398
16.1999,1.41354,-0.384639,-0.00712236
16.2249,1.42164,-0.324263,0.00720352
16.2499,1.43083,-0.254382,0.0208222
16.2749,1.44098,-0.178786,0.0345198
16.2999,1.45205,-0.101611,0.0490134
16.3249,1.46414,-0.0271056,0.0649066
16.3499,1.47737,0.0406046,0.0826488
16.3749,1.49186,0.0977495,0.102489
16.3999,1.5076,0.141131,0.124425
16.4249,1.52439,0.168313,0.148171
16.4499,1.54182,0.177766,0.173178
16.4749,1.55935,0.168971,0.198714
16.4999,1.5764,0.142449,0.22401
16.5249,1.59248,0.0997365,0.248407
16.5499,1.60724,0.0432856,0.271464
16.5749,1.62057,-0.0236809,0.293003
16.5999,1.63246,-0.0973631,0.313092
16.6249,1.643,-0.173603,0.331998
16.6499,1.6523,-0.248124,0.350134
16.6749,1.6604,-0.316764,0.368002
16.6999,1.66731,-0.375717,0.386143
16.7249,1.67303,-0.421737,0.405071
16.7499,1.67757,-0.452318,0.425199
16.7749,1.68108,-0.465835,0.446762
16.7999,1.68384,-0.461636,0.469774
16.8249,1.68633,-0.440076,0.494044
16.8499,1.68909,-0.402504,0.519243
16.8749,1.69268,-0.351185,0.544996
16.8999,1.69758,-0.289176,0.570948
16.9249,1.70415,-0.220149,0.59679
16.9499,1.71258,-0.148173,0.622224
16.9749,1.72289,-0.0774794,0.646914
16.9999,1.73494,-0.0122103,0.670416
17.0249,1.74838,0.043828,0.692133
17.0499,1.76274,0.0873899,0.711308
17.0749,1.77744,0.115979,0.727075
17.0999,1.79194,0.127986,0.738574
17.1249,1.80586,0.122771,0.745088
17.1499,1.81908,0.100684,0.746169
17.1749,1.83182,0.0630372,0.741696
17.1999,1.84455,0.0120276,0.731863
17.2249,1.85793,-0.0493818,0.71711
17.2499,1.87262,-0.117624,0.69806
17.2749,1.88917,-0.188727,0.675488
17.2999,1.90785,-0.258549,0.650349
17.3249,1.92856,-0.323032,0.623842
17.3499,1.95073,-0.378462,0.59748
17.3749,1.97333,-0.421699,0.573083
17.3999,1.99507,-0.450366,0.552638
17.4249,2.01462,-0.462958,0.538016
17.4499,2.03102,-0.458878,0.530603
17.4749,2.04394,-0.438414,0.53101
17.4999,2.0538,-0.402686,0.538969
17.5249,2.06154,-0.353581,0.55346
17.5499,2.06844,-0.293669,0.572969
17.5749,2.07568,-0.226089,0.595748
17.5999,2.08418,-0.154383,0.61998
17.6249,2.09445,-0.082286,0.643848
17.6499,2.1065,-0.0134908,0.665518
17.6749,2.11988,0.0485929,0.683113
17.6999,2.13382,0.101048,0.694744
17.7249,2.14735,0.141609,0.698603
17.7499,2.15957,0.168759,0.693159
17.7749,2.16988,0.181768,0.677375
17.7999,2.17817,0.180695,0.650891
17.8249,2.18488,0.166371,0.614095
17.8499,2.19091,0.140369,0.568057
17.8749,2.19742,0.104962,0.514372
17.8999,2.20552,0.0630192,0.454976
17.9249,2.21606,0.0178562,0.392008
17.9499,2.22946,-0.0269875,0.32775
17.9749,2.24557,-0.0680086,0.264616
17.9999,2.26374,-0.102006,0.205136
18.0249,2.28292,-0.126313,0.151882
18.0499,2.30195,-0.138954,0.10729
18.0749,2.31976,-0.138716,0.073417
18.0999,2.33575,-0.125149,0.0516862
18.1249,2.34988,-0.0985181,0.0427169
18.1499,2.36272,-0.0597532,0.0462903
18.1749,2.37531,-0.0103987,0.0614446
18.1999,2.3889,0.0474371,0.0866411
18.2249,2.40465,0.111168,0.119927
18.2499,2.42339,0.177874,0.159036
18.2749,2.44538,0.2445,0.201401
18.2999,2.47013,0.308107,0.24413
18.3249,2.4964,0.366115,0.283977
18.3499,2.52223,0.416499,0.317425
18.3749,2.54525,0.457875,0.340916
18.3999,2.56302,0.48946,0.351234
18.4249,2.57356,0.510936,0.345976
18.4499,2.57575,0.522277,0.323976
18.4749,2.56963,0.523656,0.285564
18.4999,2.55638,0.51546,0.232571
18.5249,2.53813,0.498416,0.168075
18.5499,2.5175,0.473755,0.0959526
18.5749,2.49711,0.443311,0.0203568
18.5999,2.47913,0.409484,-0.0547134
18.6249,2.46508,0.375071,-0.125678
18.6499,2.45576,0.343001,-0.18947
18.6749,2.45136,0.316043,-0.243524
18.6999,2.45173,0.296544,-0.285741
18.7249,2.45657,0.286228,-0.314477
18.7499,2.4657,0.286069,-0.328563
18.7749,2.47915,0.296224,-0.327351
18.7999,2.49726,0.316029,-0.310739
18.8249,2.52059,0.344033,-0.279192
18.8499,2.54974,0.378095,-0.233765
18.8749,2.58512,0.415554,-0.176154
18.8999,2.62659,0.45347,-0.108788
18.9249,2.67324,0.488964,-0.034939
18.9499,2.72317,0.519573,0.0412458
18.9749,2.77362,0.543574,0.114899
18.9999,2.82131,0.560146,0.180839
19.0249,2.86295,0.56932,0.234159
19.0499,2.89587,0.571716,0.270847
19.0749,2.91835,0.568177,0.288236
19.0999,2.92985,0.55944,0.285226
19.1249,2.93091,0.545944,0.2623
19.1499,2.92309,0.527833,0.221389
19.1749,2.90865,0.505113,0.165636
19.1999,2.89032,0.477898,0.0990723
19.2248,2.87091,0.446632,0.0262281
19.2498,2.85298,0.412221,-0.0482546
19.2748,2.83852,0.375999,-0.119952
19.2998,2.82885,0.339582,-0.18488
19.3248,2.82459,0.304625,-0.239607
19.3498,2.82579,0.272585,-0.281314
19.3748,2.83207,0.244521,-0.307833
19.3998,2.84286,0.220983,-0.317706
19.4248,2.85748,0.201972,-0.310253
19.4498,2.8753,0.186993,-0.285646
19.4748,2.89569,0.175144,-0.244951
19.4998,2.91805,0.165262,-0.190124
19.5248,2.94172,0.156082,-0.123946
19.5498,2.96597,0.146401,-0.0499012
19.5748,2.99001,0.135224,0.0280193
19.5998,3.01305,0.121871,0.105553
19.6248,3.03445,0.106006,0.178434
19.6498,3.05378,0.0876189,0.242661
19.6748,3.07092,0.0669449,0.294733
19.6998,3.08611,0.0443754,0.331847
19.7248,3.0999,0.0203805,0.352032
19.7498,3.11304,-0.00453513,0.354242
19.7748,3.12644,-0.029842,0.338394
19.7998,3.14097,-0.0549798,0.30537
19.8248,3.15734,-0.0793593,0.256969
19.8498,3.17601,-0.102395,0.195828
19.8748,3.19707,-0.123578,0.125296
19.8998,3.22027,-0.14258,0.0492727
19.9248,3.24499,-0.159356,-0.0280135
19.9498,3.27041,-0.174217,-0.102251
19.9748,3.29557,-0.187833,-0.169319
19.9998,3.31951,-0.201165,-0.225537
20.0248,3.34134,-0.21533,-0.267891
20.0498,3.36022,-0.231431,-0.294175
20.0748,3.37541,-0.250379,-0.303085
20.0998,3.38618,-0.272733,-0.294236
20.1248,3.39189,-0.298588,-0.268134
20.1498,3.39202,-0.327525,-0.226126
20.1748,3.38632,-0.35864,-0.170333
20.1998,3.37497,-0.390662,-0.103605
20.2248,3.35873,-0.422156,-0.0294626
20.2498,3.33903,-0.451757,0.047976
20.2748,3.31795,-0.478405,0.124149
20.2998,3.29802,-0.501483,0.194303
20.3248,3.28199,-0.520824,0.253831
20.3498,3.27248,-0.536575,0.298649
20.3748,3.27169,-0.548948,0.325544
20.3998,3.28117,-0.55797,0.332443
20.4248,3.30162,-0.563296,0.318615
20.4498,3.33279,-0.564179,0.284801
20.4748,3.37336,-0.559619,0.233257
20.4998,3.421,-0.548679,0.167644
20.5248,3.47264,-0.530871,0.0926964
20.5498,3.52493,-0.506485,0.0136851
20.5748,3.57481,-0.476734,-0.0641963
20.5998,3.61997,-0.443672,-0.136341
20.6248,3.65903,-0.409913,-0.199007
20.6498,3.69147,-0.378266,-0.249367
20.6748,3.71744,-0.351378,-0.28543
20.6998,3.73741,-0.331448,-0.305935
20.7248,3.7519,-0.320029,-0.310271
20.7498,3.76129,-0.317915,-0.298437
20.7748,3.76573,-0.325088,-0.271013
20.7998,3.76514,-0.340728,-0.229139
20.8248,3.75939,-0.363276,-0.174482
20.8498,3.74846,-0.390563,-0.109232
20.8748,3.73271,-0.420019,-0.0361081
20.8998,3.71307,-0.448928,0.0416115
20.9248,3.69116,-0.474727,0.12011
20.9498,3.66924,-0.495255,0.195159
20.9748,3.64994,-0.508913,0.262412
20.9998,3.63585,-0.514676,0.317841
21.0248,3.62908,-0.511971,0.358237
21.0498,3.6308,-0.500496,0.381626
21.0748,3.64108,-0.480074,0.387515
21.0998,3.65891,-0.450625,0.3769
21.1248,3.68237,-0.412267,0.352052
21.1498,3.70906,-0.365493,0.316146
21.1748,3.73654,-0.311355,0.272813
21.1998,3.7627,-0.251533,0.225746
21.2248,3.78613,-0.188295,0.178425
21.2498,3.80616,-0.124327,0.133998
21.2748,3.82288,-0.0624871,0.0952713
21.2998,3.83704,-0.00556692,0.0647269
21.3248,3.84977,0.0439276,0.0445134
21.3498,3.86238,0.083921,0.0363596
21.3748,3.876,0.112854,0.041421
21.3998,3.89139,0.129732,0.0601104
21.4248,3.90871,0.134159,0.0919798
21.4498,3.92752,0.12639,0.135719
21.4748,3.94689,0.107382,0.189289
21.4998,3.96567,0.0788201,0.250159
21.5248,3.98276,0.0430736,0.315563
21.5498,3.99742,0.00307143,0.38271
21.5748,4.00936,-0.0379062,0.448902
21.5998,4.01886,-0.0764826,0.511588
21.6248,4.02666,-0.109442,0.568394
21.6498,4.03381,-0.133954,0.61719
21.6748,4.04139,-0.147731,0.656221
21.6998,4.0503,-0.149134,0.684278
21.7248,4.061,-0.137223,0.700854
21.7498,4.07339,-0.111788,0.706211
21.7748,4.08691,-0.0733755,0.701323
21.7998,4.10064,-0.0233002,0.687711
21.8248,4.11358,0.0363811,0.667222
21.8498,4.12489,0.102948,0.641845
21.8748,4.13409,0.173165,0.613594
21.8998,4.14116,0.243483,0.584482
21.9248,4.14661,0.310283,0.556552
21.9498,4.15148,0.370109,0.531889
21.9748,4.15714,0.419881,0.512573
21.9998,4.16511,0.457055,0.500489
22.0248,4.17666,0.479724,0.497038
22.0498,4.19244,0.486683,0.502814
22.0748,4.2123,0.477484,0.517394
22.0998,4.23527,0.452492,0.539388
22.1248,4.25984,0.412944,0.566731
22.1498,4.28441,0.360945,0.597102
22.1748,4.30763,0.299397,0.6283
22.1998,4.32865,0.231834,0.658451
22.2248,4.34716,0.162198,0.686056
22.2498,4.36333,0.0945758,0.709923
22.2748,4.37765,0.0329343,0.729088
22.2998,4.39085,-0.0191187,0.742769
22.3248,4.40365,-0.0585432,0.750373
22.3498,4.41667,-0.0830318,0.751562
22.3748,4.43023,-0.0911324,0.746329
22.3998,4.44431,-0.0823289,0.735035
22.4248,4.45857,-0.0570799,0.718367
22.4498,4.47245,-0.0168088,0.697227
22.4748,4.48531,0.0361615,0.672589
22.4998,4.49658,0.0987322,0.645367
22.5248,4.50582,0.167207,0.616349
22.5498,4.51285,0.237512,0.586197
22.5748,4.51769,0.305442,0.555493
22.5998,4.52064,0.366915,0.524813
22.6248,4.52223,0.41822,0.494791
22.6498,4.52315,0.456233,0.466126
22.6748,4.52423,0.478598,0.439527
22.6998,4.52621,0.483858,0.41558
22.7248,4.52962,0.471529,0.394597
22.7498,4.53471,0.442116,0.376519
22.7748,4.54142,0.397085,0.360923
22.7998,4.54952,0.338782,0.347116
22.8248,4.55875,0.270307,0.33427
22.8498,4.5689,0.195352,0.321543
22.8748,4.57991,0.117993,0.308157
22.8998,4.59184,0.0424685,0.293443
22.9248,4.60482,-0.0270594,0.276881
22.9498,4.61901,-0.0867377,0.258144
22.9748,4.63444,-0.133243,0.237142
22.9998,4.65098,-0.163976,0.214073
23.0248,4.66829,-0.177218,0.189414
23.0498,4.68586,-0.172239,0.163859
23.0748,4.7031,-0.149352,0.138186
23.0998,4.71947,-0.109893,0.113106
23.1248,4.73457,-0.0561423,0.0891419
23.1498,4.74822,0.00881628,0.0665586
23.1748,4.76038,0.0812777,0.0453722
23.1998,4.7711,0.157133,0.025388
23.2248,4.78049,0.232105,0.00625774
23.2498,4.78863,0.301986,-0.0124651
23.2748,4.79557,0.362878,-0.0312705
23.2998,4.80133,0.411406,-0.0506312
23.3248,4.80596,0.444904,-0.0709343
23.3498,4.80961,0.461566,-0.0924129
23.3748,4.81258,0.460546,-0.115106
23.3998,4.81528,0.442006,-0.138864
23.4248,4.81823,0.40711,-0.163413
23.4498,4.82196,0.35796,-0.188428
23.4748,4.82693,0.297475,-0.213606
23.4998,4.83348,0.229226,-0.238683
23.5248,4.84181,0.157228,-0.263411
23.5498,4.85198,0.0857027,-0.287507
23.5748,4.86387,0.018833,-0.310586
23.5998,4.8772,-0.039486,-0.332113
23.6248,4.89151,-0.0858775,-0.351386
23.6498,4.90625,-0.11768,-0.367573
23.6748,4.92088,-0.133097,-0.379816
23.6998,4.93498,-0.131291,-0.387363
23.7248,4.94837,-0.112417,-0.389703
23.7498,4.96118,-0.0776032,-0.386639
23.7748,4.97383,-0.0288855,-0.378291
23.7998,4.98695,0.0309076,-0.365035
23.8248,5.00119,0.0983065,-0.347441
23.8498,5.01713,0.169394,-0.326227
23.8748,5.0351,0.240035,-0.302277
23.8998,5.05511,0.306123,-0.276701
23.9248,5.0767,0.363844,-0.250899
23.9498,5.09898,0.409911,-0.226583
23.9748,5.12072,0.441768,-0.20567
23.9998,5.14062,0.457714,-0.190036
24.0248,5.15764,0.45696,-0.181161
24.0498,5.17132,0.439617,-0.17982
24.0748,5.18191,0.406649,-0.185936
24.0998,5.19025,0.359811,-0.198662
24.1248,5.19752,0.301564,-0.216608
24.1498,5.20492,0.234968,-0.238106
24.1748,5.2134,0.163523,-0.261395
24.1998,5.22353,0.0909625,-0.284693
24.2248,5.23541,0.0210256,-0.306206
24.2498,5.24868,-0.0427873,-0.32409
24.2748,5.26262,-0.0974315,-0.336471
24.2998,5.27628,-0.140489,-0.341531
24.3248,5.28875,-0.170278,-0.337676
24.3498,5.29935,-0.185903,-0.323767
24.3748,5.30787,-0.187265,-0.299305
24.3998,5.31467,-0.175043,-0.264536
24.4248,5.32058,-0.150678,-0.220403
24.4498,5.32673,-0.116322,-0.168398
24.4748,5.33428,-0.0747577,-0.110382
24.4998,5.34414,-0.0292506,-0.0484274
24.5248,5.35684,0.0166573,0.0152497
24.5498,5.37235,0.059405,0.0783063
24.5748,5.39011,0.0956819,0.138274
24.5998,5.40915,0.12267,0.192619
24.6248,5.4283,0.13822,0.238886
24.6498,5.44644,0.140947,0.274942
24.6748,5.46285,0.130237,0.299227
24.6998,5.47736,0.106214,0.310956
24.7248,5.49042,0.0696834,0.310175
24.7498,5.50297,0.0220839,0.297701
24.7748,5.51623,-0.0345642,0.274955
24.7998,5.53141,-0.0977376,0.243796
24.8248,5.54941,-0.164541,0.206408
24.8498,5.57061,-0.231898,0.165264
24.8748,5.59471,-0.296795,0.12316
24.8998,5.62061,-0.356527,0.0832387
24.9248,5.6465,-0.408912,0.0489487
24.9498,5.67005,-0.452398,0.023844
24.9748,5.68882,-0.486062,0.0112268
24.9998,5.70071,-0.509476,0.0136843
25.0248,5.70441,-0.522555,0.0326401
25.0498,5.69976,-0.525435,0.0680528
25.0748,5.68774,-0.518468,0.118359
25.0998,5.67035,-0.502336,0.180687
25.1248,5.65017,-0.478209,0.251289
25.1498,5.62984,-0.447852,0.326058
25.1748,5.61163,-0.413618,0.400986
25.1998,5.59715,-0.378289,0.472453
25.2248,5.58728,-0.344829,0.537342
25.2498,5.5823,-0.316085,0.593034
25.2748,5.58207,-0.294522,0.637369
25.2998,5.58629,-0.282007,0.668631
25.3248,5.59469,-0.279673,0.685567
25.3498,5.60728,-0.287841,0.687427
25.3748,5.62431,-0.306005,0.673999
25.3998,5.64632,-0.332862,0.645632
25.4248,5.67394,-0.366391,0.603251
25.4498,5.70766,-0.404004,0.548396
25.4748,5.74752,-0.442775,0.483306
25.4998,5.79281,-0.479755,0.411034
25.5248,5.84188,-0.512329,0.335502
25.5498,5.89216,-0.538553,0.261411
25.5748,5.94045,-0.557364,0.193893
25.5998,5.98341,-0.568581,0.137953
25.6248,6.01819,-0.572686,0.0978372
25.6498,6.04282,-0.570475,0.0765267
25.6748,6.05649,-0.562711,0.0754539
25.6998,6.05957,-0.549897,0.094446
25.7248,6.05341,-0.532245,0.131833
25.7498,6.0402,-0.509804,0.184674
25.7747,6.02262,-0.482691,0.249076
25.7997,6.00351,-0.45133,0.320579
25.8247,5.98549,-0.416592,0.394556
25.8497,5.97064,-0.379792,0.466552
25.8747,5.9604,-0.342556,0.532522
25.8997,5.95547,-0.306586,0.588953
25.9247,5.95596,-0.273422,0.632928
25.9497,5.96155,-0.244227,0.662162
25.9747,5.97164,-0.219663,0.675052
25.9997,5.9856,-0.199844,0.670759
26.0247,6.00276,-0.184363,0.649274
26.0497,6.02254,-0.172385,0.61147
26.0747,6.04434,-0.162774,0.559117
26.0997,6.06757,-0.154253,0.494826
26.1247,6.09154,-0.145562,0.421937
26.1497,6.11552,-0.135615,0.344345
26.1747,6.13871,-0.123612,0.26627
26.1997,6.16045,-0.109098,0.191996
26.2247,6.18023,-0.0919521,0.125597
26.2497,6.19786,-0.0723239,0.0706955
26.2747,6.21347,-0.0505478,0.0302502
26.2997,6.22752,-0.0270602,0.00640775
26.3247,6.24073,-0.00234889,0.0004023
26.3497,6.25399,0.0230643,0.0125066
26.3747,6.26817,0.0486187,0.0420281
26.3997,0.000878032,0.073713,0.087346
26.4247,0.0190187,0.0977293,0.145986
26.4497,0.0396076,0.120099,0.214734
26.4747,0.0624672,0.140401,0.289795
26.4997,0.0870639,0.158477,0.366989
26.5247,0.112591,0.17451,0.442001
26.5497,0.138086,0.189057,0.510641
26.5747,0.162551,0.20299,0.569112
26.5997,0.185035,0.217381,0.614235
26.6247,0.204664,0.233334,0.64362
26.6497,0.220642,0.251801,0.655765
26.6747,0.23223,0.273416,0.650094
26.6997,0.238762,0.298373,0.626935
26.7247,0.2397,0.326358,0.587475
26.7497,0.234759,0.356569,0.5337
26.7747,0.224059,0.387815,0.468342
26.7997,0.208281,0.418705,0.394826
26.8247,0.18876,0.44789,0.317197
26.8497,0.167482,0.474288,0.23998
26.8747,0.146929,0.497253,0.167934
26.8997,0.12982,0.516597,0.105728
26.9247,0.118795,0.532472,0.0575628
26.9497,0.116125,0.545136,0.0268278
26.9747,0.123473,0.554695,0.0158199
26.9997,0.141721,0.560895,0.0255409
27.0247,0.170817,0.563055,0.0555572
27.0497,0.209686,0.560184,0.103934
27.0747,0.256226,0.551266,0.167299
27.0997,0.307512,0.535642,0.241113
27.1247,0.360218,0.513367,0.320158
27.1497,0.411168,0.48541,0.39915
27.1747,0.457832,0.45362,0.473288
27.1997,0.498589,0.420487,0.538594
27.2247,0.532731,0.388782,0.592017
27.2497,0.560251,0.361194,0.631376
27.2747,0.581554,0.340019,0.655251
27.2997,0.597159,0.326944,0.662897
27.3247,0.607482,0.322917,0.654194
27.3497,0.612722,0.32808,0.629611
27.3747,0.612863,0.341771,0.59019
27.3997,0.607789,0.362574,0.537512
27.4247,0.597473,0.388442,0.473692
27.4497,0.582219,0.416887,0.401382
27.4747,0.562877,0.445234,0.323798
27.4997,0.540971,0.470914,0.244709
27.5247,0.518674,0.491726,0.168324
27.5497,0.498585,0.506012,0.099029
27.5747,0.483334,0.512692,0.0409626
27.5997,0.475117,0.511159,-0.00247578
27.6247,0.475288,0.501095,-0.029062
27.6497,0.484119,0.482311,-0.0380197
27.6747,0.50077,0.454695,-0.0300719
27.6997,0.523477,0.418292,-0.0072706
27.7247,0.549903,0.373475,0.0273473
27.7497,0.577571,0.321136,0.0701935
27.7747,0.604294,0.262794,0.117542
27.7997,0.628484,0.200571,0.165827
27.8247,0.649316,0.137048,0.211802
27.8497,0.666744,0.0750391,0.252563
27.8747,0.681384,0.0173355,0.285538
27.8997,0.694319,-0.033513,0.308484
27.9247,0.706842,-0.0753591,0.319561
27.9497,0.720158,-0.106554,0.317473
27.9747,0.735123,-0.125996,0.30164
27.9997,0.752038,-0.133169,0.272331
28.0247,0.77059,-0.128187,0.230693
28.0497,0.789945,-0.111844,0.178646
28.0747,0.808978,-0.0856557,0.118665
28.0997,0.826566,-0.0518319,0.0535195
28.1247,0.841864,-0.0131713,-0.0139537
28.1497,0.854492,0.02713,-0.0809907
28.1747,0.864609,0.0657248,-0.144968
28.1997,0.872865,0.0993745,-0.203438
28.2247,0.88025,0.12518,-0.254188
28.2497,0.887856,0.140756,-0.295361
28.2747,0.896619,0.14434,-0.32562
28.2997,0.907079,0.134855,-0.344308
28.3247,0.91925,0.111944,-0.351542
28.3497,0.93263,0.0759957,-0.348171
28.3747,0.946351,0.028162,-0.335632
28.3997,0.95941,-0.0296558,-0.315735
28.4247,0.970917,-0.0948744,-0.290467
28.4497,0.980303,-0.164362,-0.261861
28.4747,0.987464,-0.234635,-0.231959
28.4997,0.992831,-0.302087,-0.20283
28.5247,0.997358,-0.363238,-0.176596
28.5497,1.00241,-0.414945,-0.155399
28.5747,1.00955,-0.454575,-0.141236
28.5997,1.02015,-0.480108,-0.135679
28.6247,1.03505,-0.490209,-0.139536
28.6497,1.05427,-0.484275,-0.152603
28.6747,1.07696,-0.462497,-0.17365
28.6997,1.10168,-0.425916,-0.200674
28.7247,1.12676,-0.376445,-0.231318
28.7497,1.15072,-0.316817,-0.263278
28.7747,1.17258,-0.250439,-0.294553
28.7997,1.1919,-0.181178,-0.323526
28.8247,1.20872,-0.113101,-0.348919
28.8497,1.22352,-0.0502097,-0.369699
28.8747,1.23698,0.00380789,-0.385027
28.8997,1.24985,0.0457924,-0.39425
28.9247,1.26279,0.0732869,-0.396959
28.9497,1.2762,0.0846665,-0.393065
28.9747,1.29014,0.0792274,-0.382851
28.9997,1.30433,0.0572338,-0.366945
29.0247,1.31823,0.0199185,-0.346227
29.0497,1.3312,-0.0305701,-0.321681
29.0747,1.34262,-0.0912793,-0.29426
29.0997,1.35205,-0.15862,-0.264807
29.1247,1.35921,-0.228579,-0.234034
29.1497,1.36412,-0.296963,-0.202574
29.1747,1.36703,-0.359655,-0.171043
29.1997,1.36845,-0.412859,-0.140116
29.2247,1.3691,-0.45333,-0.110543
29.2497,1.36983,-0.478563,-0.0830979
29.2747,1.37145,-0.486926,-0.0584454
29.2997,1.37455,-0.477749,-0.0369814
29.3247,1.37943,-0.451348,-0.0187137
29.3497,1.38604,-0.409003,-0.00324893
29.3747,1.39415,-0.35289,0.0101144
29.3997,1.40341,-0.285968,0.0222426
29.4247,1.4136,-0.211818,0.034034
29.4497,1.42457,-0.13445,0.0463293
29.4747,1.43638,-0.0580797,0.0598605
29.4997,1.44914,0.0131025,0.0752164
29.5247,1.46304,0.0751712,0.0928036
29.5497,1.47815,0.124686,0.112797
29.5747,1.49443,0.158893,0.135092
29.5997,1.51159,0.175888,0.159291
29.6247,1.52916,0.174736,0.184749
29.6497,1.54655,0.155539,0.210689
29.6747,1.56319,0.119429,0.236359
29.6997,1.57864,0.0685074,0.261163
29.7247,1.59264,0.00571123,0.284747
29.7497,1.60508,-0.0653595,0.307011
29.7747,1.61602,-0.140655,0.328072
29.7997,1.62554,-0.215906,0.348216
29.8247,1.63374,-0.286871,0.36783
29.8497,1.64071,-0.349569,0.387355
29.8747,1.6465,-0.4005,0.40722
29.8997,1.6512,-0.436847,0.427783
29.9247,1.65498,-0.456625,0.449268
29.9497,1.65811,-0.458796,0.471728
29.9747,1.66101,-0.443328,0.495051
29.9997,1.66414,-0.411196,0.519007
30.0247,1.66802,-0.364332,0.543325
30.0497,1.67306,-0.305513,0.567749
30.0747,1.67961,-0.238201,0.592063
30.0997,1.68787,-0.166345,0.616069
30.1247,1.69791,-0.0941497,0.639535
30.1497,1.70965,-0.0258275,0.662136
30.1747,1.72284,0.0346472,0.683401
30.1997,1.73708,0.0837744,0.702684
30.2247,1.75186,0.118734,0.719197
30.2497,1.7666,0.137544,0.732089
30.2747,1.78088,0.139172,0.740585
30.2997,1.79444,0.123575,0.744116
30.3247,1.80736,0.0916953,0.742409
30.3497,1.81999,0.0454001,0.735511
30.3747,1.8329,-0.0126219,0.723734
30.3997,1.84674,-0.0790071,0.70759
30.4247,1.86211,-0.149903,0.687746
30.4497,1.87941,-0.221189,0.665019
30.4747,1.89872,-0.288725,0.640432
30.4997,1.91971,-0.348605,0.615282
30.5247,1.9416,-0.397408,0.59117
30.5497,1.96326,-0.432403,0.569933
30.5747,1.98343,-0.451695,0.553431
30.5997,2.001,-0.454301,0.543218
30.6247,2.0154,-0.440149,0.540216
30.6497,2.02672,-0.410042,0.544534
30.6747,2.03567,-0.365595,0.555499
30.6997,2.04335,-0.309155,0.571856
30.7247,2.05094,-0.243694,0.592026
30.7497,2.05943,-0.172661,0.614304
30.7747,2.06944,-0.0997822,0.636953
30.7997,2.08116,-0.0288316,0.658213
30.8247,2.09431,0.0366078,0.67628
30.8497,2.10823,0.09337,0.689302
30.8747,2.12201,0.138888,0.695454
30.8997,2.13471,0.171317,0.693096
30.9247,2.14559,0.189594,0.68099
30.9497,2.15437,0.193458,0.658509
30.9747,2.1613,0.183437,0.625753
30.9997,2.16713,0.160831,0.583536
31.0247,2.17298,0.127669,0.533246
31.0497,2.18,0.0866362,0.476664
31.0747,2.18921,0.0409412,0.415797
31.0997,2.20121,-0.00588427,0.352796
31.1247,2.21608,-0.0502337,0.289936
31.1497,2.23338,-0.0886967,0.229618
31.1747,2.25221,-0.118312,0.174332
31.1997,2.27141,-0.13676,0.126533
31.2247,2.28985,-0.142478,0.0884187
31.2497,2.30667,-0.134687,0.0616716
31.2747,2.32158,-0.113361,0.0472407
31.2997,2.3349,-0.0791773,0.0452474
31.3247,2.34747,-0.0334638,0.05503
31.3497,2.36048,0.0218524,0.0752895
31.3747,2.37513,0.0843173,0.104262
31.3997,2.39242,0.15107,0.139849
31.4247,2.41285,0.219025,0.179663
31.4497,2.43626,0.285104,0.221009
31.4747,2.46173,0.346487,0.260845
31.4997,2.48757,0.400839,0.295802
31.5247,2.51155,0.446445,0.322349
31.5497,2.53123,0.482226,0.337118
31.5747,2.54441,0.507643,0.337357
31.5997,2.54961,0.522537,0.321396
31.6247,2.54643,0.527,0.288992
31.6497,2.53569,0.52135,0.241432
31.6747,2.51923,0.506224,0.181367
31.6997,2.49957,0.482728,0.112404
31.7247,2.47936,0.452559,0.0385908
31.7497,2.46095,0.418016,-0.0360625
31.7747,2.44606,0.381863,-0.107901
31.7997,2.43567,0.347086,-0.173758
31.8247,2.43013,0.316606,-0.230964
31.8497,2.42932,0.292999,-0.277303
31.8747,2.43292,0.278273,-0.310992
31.8997,2.44066,0.273718,-0.330695
31.9247,2.45243,0.279819,-0.335564
31.9497,2.46845,0.296232,-0.325281
31.9747,2.48922,0.321803,-0.300081
31.9997,2.51537,0.354638,-0.260763
32.0247,2.54746,0.392236,-0.208722
32.0497,2.58569,0.4317,-0.146016
32.0747,2.62954,0.470031,-0.0754846
32.0997,2.67762,0.504479,-0.000826294
32.1247,2.72756,0.532894,0.0734446
32.1497,2.77626,0.553972,0.142278
32.1747,2.82039,0.567309,0.200606
32.1997,2.85691,0.57323,0.243976
32.2247,2.88363,0.572463,0.269106
32.2497,2.89949,0.565778,0.27423
32.2747,2.90461,0.55374,0.259201
32.2997,2.90019,0.536623,0.225415
32.3247,2.88829,0.514523,0.1756
32.3497,2.87155,0.487568,0.1135
32.3747,2.85282,0.456164,0.0434928
32.3997,2.83476,0.421147,-0.0298157
32.4247,2.81958,0.383812,-0.101947
32.4497,2.8088,0.345787,-0.168799
32.4747,2.80323,0.308819,-0.226784
32.4997,2.80303,0.274523,-0.272891
32.5247,2.80794,0.244167,-0.304722
32.5497,2.81737,0.218526,-0.320543
32.5747,2.83068,0.197824,-0.319355
32.5997,2.8472,0.181751,-0.300974
32.6247,2.86636,0.169543,-0.266088
32.6497,2.88761,0.160103,-0.216279
32.6747,2.91037,0.152147,-0.153985
32.6997,2.93403,0.144372,-0.0823976
32.7247,2.95789,0.135606,-0.00530692
32.7497,2.98118,0.12494,0.0731214
32.7747,3.00321,0.111795,0.1486
32.7997,3.02342,0.0959376,0.216992
32.8247,3.04152,0.077425,0.274565
32.8497,3.05757,0.0565272,0.318212
32.8747,3.07193,0.0336414,0.345615
32.8997,3.08526,0.00923371,0.355354
32.9247,3.09842,-0.0161846,0.34697
32.9497,3.1123,-0.0420561,0.320968
32.9747,3.12774,-0.0677718,0.278792
32.9997,3.14536,-0.0926884,0.222754
33.0247,3.16544,-0.116185,0.155925
33.0497,3.18791,-0.137759,0.0819952
33.0747,3.21232,-0.157139,0.00508007
33.0997,3.23789,-0.174388,-0.070511
33.1247,3.26366,-0.189938,-0.140537
33.1497,3.28861,-0.204571,-0.201092
33.1747,3.31172,-0.219299,-0.248845
33.1997,3.33208,-0.235216,-0.281226
33.2247,3.34885,-0.253304,-0.296539
33.2497,3.36125,-0.274267,-0.294015
33.2747,3.3686,-0.29839,-0.273804
33.2997,3.37035,-0.325462,-0.236933
33.3247,3.36618,-0.35478,-0.185249
33.3497,3.35614,-0.385235,-0.121363
33.3747,3.34085,-0.415489,-0.0486046
33.3997,3.32156,-0.444209,0.029056
33.4247,3.30017,-0.470302,0.107139
33.4497,3.27909,-0.493093,0.180883
33.4747,3.26101,-0.512371,0.245571
33.4997,3.24859,-0.528291,0.296894
33.5247,3.24415,-0.541153,0.331304
33.5497,3.24947,-0.551135,0.346296
33.5747,3.26556,-0.558074,0.340617
33.5998,3.29258,-0.561366,0.314408
33.6248,3.32967,-0.560045,0.269292
33.6498,3.37498,-0.553038,0.208347
33.6748,3.42573,-0.539537,0.135895
33.6998,3.47867,-0.519378,0.0570645
33.7248,3.53052,-0.493286,-0.0228016
33.7498,3.57858,-0.462896,-0.0987297
33.7748,3.62098,-0.430554,-0.166515
33.7998,3.6568,-0.398976,-0.222879
33.8248,3.68589,-0.370872,-0.265441
33.8498,3.70856,-0.348625,-0.29262
33.8748,3.72532,-0.334044,-0.303534
33.8998,3.7366,-0.328224,-0.297939
33.9248,3.74266,-0.331463,-0.276199
33.9498,3.74353,-0.343251,-0.239253
33.9748,3.73912,-0.362315,-0.188601
33.9998,3.72942,-0.386731,-0.12628
34.0248,3.71467,-0.414096,-0.0548768
34.0498,3.69565,-0.441786,0.0224532
34.0748,3.6738,-0.467232,0.10199
34.0998,3.65121,-0.488201,0.179544
34.1248,3.63044,-0.502984,0.250702
34.1498,3.61413,-0.510448,0.311232
34.1748,3.60456,-0.50995,0.357562
34.1998,3.60325,-0.501158,0.387236
34.2248,3.61065,-0.483877,0.399209
34.2498,3.62611,-0.457972,0.393935
34.2748,3.648,-0.423425,0.373242
34.2998,3.67407,-0.380504,0.340016
34.3248,3.70184,-0.329954,0.297783
34.3498,3.72904,-0.273131,0.25029
34.3748,3.75394,-0.212011,0.201175
34.3998,3.77556,-0.149066,0.153782
34.4248,3.7937,-0.0870508,0.11111
34.4498,3.80885,-0.0287474,0.0758244
34.4748,3.82205,0.0232611,0.0502576
34.4998,3.83454,0.0667648,0.0363542
34.5248,3.8476,0.100033,0.0355413
34.5498,3.86217,0.121867,0.0485577
34.5748,3.87868,0.13164,0.0753078
34.5998,3.89695,0.129333,0.114807
34.6248,3.91623,0.115591,0.165259
34.6498,3.93546,0.0917658,0.224257
34.6748,3.95348,0.0599102,0.289039
34.6998,3.96939,0.0226891,0.356731
34.7248,3.98268,-0.0167931,0.424504
34.7498,3.99342,-0.0552301,0.489664
34.7748,4.00217,-0.0893723,0.54969
34.7998,4.00984,-0.116265,0.60229
34.8248,4.01752,-0.133434,0.64551
34.8498,4.02619,-0.139006,0.677894
34.8748,4.03645,-0.131775,0.698646
34.8998,4.04841,-0.111245,0.707737
34.9248,4.06164,-0.077657,0.705892
34.9498,4.07534,-0.0320087,0.69446
34.9748,4.08849,0.0239498,0.675206
34.9998,4.10017,0.0877707,0.65011
35.0248,4.10973,0.156429,0.621222
35.0498,4.11699,0.226509,0.590608
35.0748,4.12229,0.29443,0.560363
35.0998,4.12652,0.356694,0.532644
35.1248,4.13101,0.410107,0.509647
35.1498,4.13735,0.451954,0.493468
35.1748,4.14702,0.480119,0.485838
35.1998,4.16103,0.493147,0.487768
35.2248,4.17956,0.490297,0.49927
35.2499,4.20192,0.471595,0.519286
35.2749,4.22671,0.437901,0.545892
35.2999,4.25223,0.390942,0.576714
35.3249,4.2769,0.333282,0.609352
35.3499,4.29959,0.268197,0.641683
35.3749,4.31971,0.199471,0.671971
35.3999,4.33724,0.131141,0.698841
35.4249,4.35256,0.0672323,0.721194
35.4499,4.36633,0.0115006,0.738132
35.4749,4.37932,-0.0327884,0.748946
35.4999,4.39222,-0.0630411,0.753158
35.5249,4.4055,-0.0774735,0.750605
35.5499,4.41929,-0.0752067,0.74149
35.5749,4.43339,-0.0563221,0.726382
35.5999,4.44728,-0.0218708,0.706129
35.6249,4.46033,0.0261671,0.681721
35.6499,4.4719,0.0849831,0.654144
35.6749,4.48147,0.151097,0.624287
35.6999,4.48877,0.220561,0.592916
35.7249,4.49373,0.289205,0.560711
35.7499,4.49658,0.352881,0.528331
35.7749,4.49783,0.407727,0.496491
35.7999,4.49821,0.450391,0.465991
35.8249,4.49859,0.47823,0.437667
35.8499,4.49983,0.489455,0.412266
35.8749,4.50261,0.483222,0.390267
35.8999,4.50726,0.459669,0.371751
35.9249,4.51377,0.419904,0.35636
35.9499,4.52188,0.365939,0.343389
35.9749,4.53121,0.300593,0.331936
35.9999,4.54145,0.227335,0.321048
36.0249,4.55244,0.150105,0.309822
36.0499,4.56416,0.0730914,0.297461
36.0749,4.57675,0.000498645,0.283313
36.0999,4.59039,-0.0636873,0.266895
36.1249,4.60521,-0.115925,0.247951
36.1499,4.62122,-0.153322,0.226495
36.1749,4.63819,-0.173806,0.202844
36.1999,4.65572,-0.176252,0.177587
36.2249,4.67322,-0.160565,0.151484
36.2499,4.69011,-0.127685,0.125321
36.2749,4.70587,-0.0795369,0.099756
36.2999,4.7202,-0.0189154,0.0752275
36.3249,4.73294,0.0506861,0.05192
36.3499,4.7441,0.125281,0.0297899
36.3749,4.75376,0.200618,0.00861881
36.3999,4.76203,0.272429,-0.0119254
36.4249,4.76901,0.336663,-0.0322304
36.4499,4.77482,0.389713,-0.0526806
36.4749,4.77956,0.428622,-0.073599
36.4999,4.78342,0.451243,-0.0951928
36.5249,4.7867,0.456362,-0.117519
36.5499,4.78976,0.443763,-0.140491
36.5749,4.79308,0.414247,-0.163918
36.5999,4.79711,0.369583,-0.187578
36.6249,4.80226,0.312411,-0.211264
36.6499,4.80885,0.246085,-0.234808
36.6749,4.81708,0.174487,-0.258062
36.6999,4.82703,0.101795,-0.280847
36.7249,4.83864,0.0322426,-0.302897
36.7499,4.85172,-0.0301305,-0.323801
36.7749,4.86589,-0.0817169,-0.342972
36.7999,4.88067,-0.119554,-0.359668
36.8249,4.89552,-0.141492,-0.373056
36.8499,4.90995,-0.146317,-0.382347
36.875,4.92369,-0.133802,-0.386925
36.9,4.93674,-0.104714,-0.386451
36.925,4.94938,-0.0607602,-0.380899
36.95,4.96214,-0.00449582,-0.370518
36.975,4.97566,0.0608196,-0.355768
37,4.99054,0.1314,-0.337262
37.025,5.00723,0.203147,-0.315759
37.05,5.02588,0.271895,-0.292205
37.075,5.04626,0.333667,-0.267799
37.1,5.06772,0.384921,-0.244039
37.125,5.08922,0.42277,-0.222675
37.15,5.10953,0.445141,-0.205533
37.175,5.12754,0.450869,-0.194212
37.2,5.14256,0.43971,-0.189755
37.225,5.15455,0.41231,-0.192434
37.25,5.1641,0.370153,-0.201741
37.275,5.17222,0.315476,-0.216556
37.3,5.18005,0.251169,-0.235394
37.325,5.1886,0.180626,-0.256611
37.35,5.19854,0.107561,-0.278516
37.375,5.21013,0.0357766,-0.299388
37.4,5.22317,-0.0310753,-0.317461
37.425,5.23705,-0.0897214,-0.330912
37.45,5.25091,-0.13746,-0.337918
37.475,5.26381,-0.172294,-0.336804
37.5,5.27495,-0.193009,-0.326257
37.525,5.28397,-0.19919,-0.305534
37.55,5.29104,-0.191226,-0.274607
37.575,5.29683,-0.170283,-0.234166
37.6,5.30242,-0.138276,-0.185501
37.625,5.309,-0.097799,-0.130314
37.65,5.31762,-0.0519998,-0.0705504
37.675,5.32896,-0.00439509,-0.00830131
37.7,5.34322,0.041374,0.0542264
37.725,5.36005,0.0818123,0.114699
37.75,5.37864,0.113831,0.170676
37.775,5.39785,0.134955,0.219716
37.8,5.41651,0.143458,0.25958
37.825,5.43369,0.138401,0.288484
37.85,5.44899,0.119618,0.305338
37.875,5.46259,0.0876657,0.309865
37.9,5.47523,0.0437661,0.302583
37.925,5.48805,-0.0102404,0.284673
37.95,5.50227,-0.071966,0.257806
37.975,5.51894,-0.138586,0.224004
38,5.53865,-0.207012,0.185571
38.025,5.56139,-0.274112,0.145114
38.05,5.58638,-0.336971,0.105579
38.075,5.61207,-0.393113,0.0702494
38.1,5.63634,-0.44067,0.0426208
38.125,5.65673,-0.478417,0.0261004
38.15,5.67099,-0.505698,0.0235692
38.175,5.67749,-0.522277,0.0369053
38.2,5.67566,-0.528201,0.0666064
38.225,5.66611,-0.523755,0.111637
38.25,5.65056,-0.509539,0.169556
38.275,5.63146,-0.486607,0.236897
38.3,5.61146,-0.4566,0.30968
38.325,5.59297,-0.421771,0.383906
38.35,5.57779,-0.384864,0.455897
38.375,5.567,-0.348887,0.522451
38.4,5.56101,-0.316823,0.580858
38.425,5.55973,-0.291345,0.628859
38.45,5.56285,-0.274586,0.664613
38.475,5.57003,-0.267977,0.686715
38.5,5.58112,-0.272152,0.694234
38.5251,5.59629,-0.286911,0.686757
38.5501,5.61597,-0.31124,0.664418
38.5751,5.64082,-0.343362,0.627907
38.6001,5.67143,-0.380863,0.578492
38.6251,5.70812,-0.420883,0.518079
38.6501,5.75057,-0.460391,0.449316
38.6751,5.79758,-0.496529,0.375694
38.7001,5.84702,-0.526971,0.301542
38.7251,5.8959,-0.550191,0.231803
38.7501,5.9409,-0.565571,0.171566
38.7751,5.97887,-0.573274,0.125443
38.8001,6.00743,-0.573942,0.0969728
38.8251,6.02526,-0.568337,0.0882259
38.8501,6.03227,-0.557065,0.0996434
38.8751,6.02949,-0.540461,0.130087
38.9001,6.01887,-0.518667,0.177035
38.9251,6.00299,-0.491832,0.236888
38.9501,5.98469,-0.46035,0.305352
38.9751,5.96671,-0.425037,0.377854
39.0001,5.95133,-0.38717,0.449903
39.0251,5.94015,-0.348383,0.517355
39.0501,5.93406,-0.31046,0.576563
39.0751,5.93331,-0.275085,0.624439
39.1001,5.93764,-0.243617,0.658489
39.1251,5.94651,-0.216935,0.676865
39.1501,5.95925,-0.195367,0.67843
39.1751,5.97521,-0.178695,0.662843
39.2001,5.9938,-0.166224,0.630625
39.2251,6.0145,-0.156896,0.583186
39.2501,6.03679,-0.149435,0.522802
39.2751,6.0601,-0.142501,0.452524
39.3001,6.08377,-0.134852,0.376033
39.3251,6.10708,-0.125475,0.297433
39.3501,6.12931,-0.113678,0.221004
39.3751,6.14986,-0.0991146,0.150925
39.4001,6.16839,-0.0817484,0.0910212
39.4251,6.18485,-0.0617795,0.0445282
39.4501,6.19953,-0.0395604,0.0139178
39.4751,6.21302,-0.0155316,0.000775315
39.5001,6.22613,0.00980904,0.00573374
39.5251,6.23978,0.0359094,0.0284566
39.5501,6.25482,0.0621561,0.067664
39.5751,6.27196,0.0878854,0.121197
39.6001,0.00838106,0.112432,0.186117
39.6251,0.0304759,0.13522,0.258841
39.6501,0.0546749,0.155878,0.335322
39.6751,0.0802567,0.174348,0.411269
39.7001,0.106267,0.190949,0.482405
39.7251,0.131649,0.206362,0.544736
39.7501,0.15535,0.221537,0.594798
39.7751,0.176391,0.237544,0.629855
39.8001,0.193888,0.255386,0.648035
39.8251,0.207042,0.275822,0.648391
39.8501,0.215145,0.299217,0.630904
39.8751,0.217621,0.325452,0.596448
39.9001,0.214123,0.353916,0.546738
39.9251,0.204676,0.38358,0.484273
39.9501,0.189822,0.413159,0.41229
39.9751,0.170738,0.441344,0.33469
40.0001,0.149251,0.46704,0.25591
40.0251,0.127718,0.489553,0.180705
40.0501,0.108799,0.508655,0.113834
40.0751,0.0951538,0.524504,0.0596929
40.1001,0.0891489,0.537438,0.0219653
40.1251,0.0926306,0.547705,0.00333503
40.1502,0.10675,0.555225,0.00527747
40.1752,0.131823,0.559474,0.0279101
40.2002,0.167212,0.559521,0.069896
40.2252,0.211263,0.554255,0.128438
40.2502,0.261397,0.542746,0.199438
40.2752,0.314421,0.524632,0.277879
40.3002,0.367027,0.500406,0.358394
40.3252,0.416332,0.471491,0.435868
40.3502,0.460269,0.440079,0.505887
40.3752,0.497705,0.408813,0.564952
40.4002,0.528319,0.380409,0.610491
40.4252,0.552336,0.357314,0.64076
40.4502,0.570224,0.341449,0.654743
40.4752,0.582444,0.334038,0.652083
40.5002,0.589288,0.335522,0.633036
40.5252,0.590837,0.345533,0.598453
40.5502,0.58704,0.362935,0.549747
40.5752,0.577874,0.385916,0.488888
40.6002,0.563572,0.412165,0.4184
40.6252,0.544849,0.439107,0.341383
40.6502,0.52306,0.464189,0.261512
40.6752,0.500224,0.485155,0.182957
40.7002,0.478849,0.500255,0.11015
40.7252,0.461595,0.508312,0.0474045
40.7502,0.450816,0.508656,-0.00156362
40.7752,0.448146,0.500943,-0.0340902
40.8002,0.454205,0.484974,-0.0488859
40.8252,0.468508,0.4606,-0.0461568
40.8502,0.489586,0.427754,-0.0275112
40.8752,0.515264,0.386611,0.00432004
40.9002,0.543074,0.337784,0.045884
40.9252,0.570675,0.282474,0.09343
40.9502,0.596224,0.222513,0.143259
40.9752,0.61859,0.160259,0.191937
41.0002,0.637432,0.098397,0.23637
41.0252,0.65313,0.0396902,0.273808
41.0502,0.666621,-0.0132574,0.301831
41.0752,0.679153,-0.0581847,0.318398
41.1002,0.692009,-0.0932894,0.321965
41.1252,0.706222,-0.117289,0.311647
41.1502,0.722336,-0.129456,0.287379
41.1752,0.740293,-0.129653,0.249988
41.2002,0.75946,-0.118388,0.201143
41.2252,0.778808,-0.0968615,0.143176
41.2502,0.797189,-0.0669741,0.0788308
41.2752,0.813627,-0.0312571,0.0110124
41.3002,0.827547,0.00728292,-0.0573938
41.3252,0.838892,0.0453907,-0.123624
41.3502,0.848128,0.079819,-0.185085
41.3752,0.856118,0.107572,-0.239409
41.4002,0.863923,0.126099,-0.284553
41.4252,0.872535,0.133428,-0.318948
41.4502,0.882631,0.128238,-0.34167
41.4752,0.894398,0.109906,-0.352554
41.5002,0.907494,0.0785338,-0.352202
41.5252,0.921147,0.034975,-0.341872
41.5502,0.934365,-0.0191646,-0.32328
41.5752,0.94619,-0.0815695,-0.298392
41.6002,0.955917,-0.149323,-0.269272
41.6252,0.963276,-0.219081,-0.238008
41.6502,0.968528,-0.287298,-0.206721
41.6752,0.97249,-0.350468,-0.177598
41.7002,0.976467,-0.405356,-0.152885
41.7252,0.982058,-0.44918,-0.134766
41.7502,0.990834,-0.479735,-0.125112
41.7752,1.00394,-0.495463,-0.125128
41.8003,1.02176,-0.495497,-0.135037
41.8253,1.04372,-0.479715,-0.153957
41.8503,1.06852,-0.448807,-0.180063
41.8753,1.09441,-0.404322,-0.210977
41.9003,1.11974,-0.348656,-0.244218
41.9253,1.14323,-0.284949,-0.277543
41.9503,1.16418,-0.216895,-0.309096
41.9753,1.18243,-0.148492,-0.337404
42.0003,1.1983,-0.083777,-0.361294
42.0253,1.21242,-0.0265604,-0.379811
42.0503,1.22557,0.0197983,-0.392191
42.0753,1.23846,0.0525818,-0.397894
42.1003,1.25164,0.0698593,-0.396682
42.1253,1.2653,0.0705889,-0.388683
42.1503,1.2793,0.0546792,-0.374405
42.1753,1.29316,0.0230079,-0.35466
42.2003,1.30627,-0.0226087,-0.330433
42.2253,1.31796,-0.0795049,-0.302737
42.2503,1.32767,-0.144311,-0.272508
42.2753,1.33508,-0.213154,-0.240562
42.3003,1.3401,-0.281889,-0.207625
42.3253,1.3429,-0.346355,-0.174399
42.3503,1.34399,-0.40263,-0.14164
42.3753,1.34409,-0.447269,-0.110195
42.4003,1.34412,-0.477504,-0.0809618
42.4253,1.34498,-0.491399,-0.0547671
42.4503,1.34741,-0.487952,-0.0321792
42.4753,1.35182,-0.467132,-0.0133522
42.5003,1.35822,-0.429877,0.00202607
42.5253,1.36632,-0.378043,0.0146576
42.5503,1.37572,-0.314307,0.0254778
42.5753,1.38606,-0.242028,0.0354944
42.6003,1.39709,-0.165067,0.0456724
42.6253,1.40878,-0.087576,0.0568702
42.6503,1.42123,-0.0137661,0.0698072
42.6753,1.43464,0.0523289,0.085034
42.7003,1.44919,0.107079,0.102888
42.7253,1.46492,0.147466,0.123442
42.7503,1.4817,0.171262,0.146461
42.7753,1.49916,0.177166,0.171421
42.8003,1.51674,0.16489,0.197586
42.8253,1.53383,0.135189,0.224151
42.8503,1.5499,0.0898141,0.2504
42.8753,1.56456,0.031415,0.275817
42.9003,1.57761,-0.0366255,0.300133
42.9253,1.58901,-0.11039,0.323316
42.9503,1.59883,-0.185656,0.345519
42.9753,1.60719,-0.258135,0.367015
43.0003,1.61421,-0.323718,0.388141
43.0253,1.62002,-0.378702,0.409236
43.0503,1.62478,-0.420002,0.430585
43.0753,1.62871,-0.445317,0.452371
43.1003,1.63209,-0.453264,0.474649
43.1253,1.63531,-0.443454,0.497347
43.1503,1.6388,-0.416514,0.52031
43.1753,1.64299,-0.374054,0.543358
43.2003,1.64827,-0.318574,0.566333
43.2253,1.65491,-0.253319,0.589117
43.2503,1.66314,-0.182097,0.61161
43.2753,1.67302,-0.109052,0.633688
43.3003,1.68454,-0.0384293,0.655141
43.3253,1.6975,0.0256769,0.675618
43.3503,1.7116,0.0795629,0.694595
43.3753,1.72638,0.120134,0.711375
43.4003,1.7413,0.145083,0.725154
43.4254,1.75588,0.153018,0.735136
43.4504,1.7698,0.143536,0.740664
43.4754,1.78299,0.11723,0.741341
43.5004,1.79568,0.075649,0.73707
43.5254,1.80835,0.021211,0.728037
43.5504,1.8216,-0.0429313,0.714646
43.5754,1.83604,-0.113063,0.697461
43.6004,1.85216,-0.185119,0.677186
43.6254,1.87017,-0.254917,0.654696
43.6504,1.88995,-0.318419,0.631098
43.6754,1.91094,-0.371974,0.60779
43.7004,1.93221,-0.412551,0.586429
43.7254,1.95259,-0.437908,0.568796
43.7504,1.97095,-0.446699,0.556515
43.7754,1.98653,-0.438507,0.550727
43.8004,1.99916,-0.413826,0.551857
43.8254,2.00931,-0.374001,0.559557
43.8504,2.01788,-0.321157,0.572846
43.8754,2.02598,-0.258096,0.590338
43.9004,2.03462,-0.188155,0.610456
43.9254,2.04453,-0.115027,0.631556
43.9504,2.056,-0.0425343,0.651961
43.9754,2.06893,0.0256105,0.669944
44.0004,2.08278,0.0860354,0.683711
44.0254,2.0967,0.135911,0.691451
44.0504,2.10977,0.173094,0.691467
44.0754,2.12116,0.196218,0.682373
44.1004,2.13043,0.204719,0.663324
44.1254,2.13764,0.198841,0.634166
44.1504,2.14343,0.179621,0.595468
44.1754,2.14881,0.148855,0.548419
44.2004,2.15497,0.10904,0.494642
44.2254,2.16301,0.0632584,0.436022
44.2504,2.1737,0.0150021,0.37459
44.2754,2.18733,-0.0320639,0.312488
44.3004,2.20366,-0.0743706,0.251981
44.3254,2.22195,-0.10871,0.195453
44.3504,2.2411,-0.132459,0.145319
44.3754,2.25994,-0.143726,0.103849
44.4004,2.27746,-0.141415,0.0729109
44.4254,2.29314,-0.125215,0.0537272
44.4504,2.30704,-0.0955553,0.0467276
44.4754,2.3198,-0.053553,0.0515395
44.5004,2.3325,-0.000956935,0.0671029
44.5254,2.34635,0.0599154,0.0918417
44.5504,2.36243,0.126283,0.123815
44.5754,2.38146,0.19506,0.160795
44.6004,2.40352,0.263077,0.200265
44.6254,2.42799,0.327326,0.239375
44.6504,2.45348,0.385205,0.274928
44.6754,2.47793,0.434692,0.303478
44.7004,2.49896,0.474415,0.321598
44.7254,2.51423,0.503594,0.326295
44.7504,2.52199,0.521908,0.315497
44.7754,2.52148,0.529352,0.288459
44.8004,2.51314,0.526176,0.245964
44.8254,2.49854,0.512939,0.190235
44.8504,2.48003,0.490646,0.124589
44.8754,2.46027,0.460881,0.0529261
44.9004,2.44172,0.425845,-0.020771
44.9254,2.42628,0.388259,-0.0928067
44.9504,2.4151,0.351146,-0.159947
44.9754,2.40867,0.317543,-0.219445
45.0004,2.40694,0.290218,-0.268999
45.0254,2.40958,0.271425,-0.306721
45.0504,2.41624,0.262734,-0.331138
45.0755,2.42671,0.264926,-0.341239
45.1005,2.44107,0.27795,-0.336519
45.1255,2.45974,0.300929,-0.317014
45.1505,2.48334,0.332212,-0.283307
45.1755,2.51252,0.369478,-0.236545
45.2005,2.54769,0.409915,-0.178487
45.2255,2.5887,0.450476,-0.111602
45.2505,2.63458,0.488213,-0.0391743
45.2755,2.68339,0.520633,0.0346638
45.3005,2.73231,0.545999,0.105096
45.3255,2.77805,0.563474,0.167041
45.3505,2.81738,0.573044,0.215758
45.3755,2.8477,0.575247,0.247464
45.4005,2.86748,0.570823,0.25979
45.4255,2.87641,0.560409,0.251995
45.4505,2.87531,0.544399,0.224946
45.4755,2.86603,0.52298,0.180951
45.5005,2.85107,0.496323,0.123453
45.5255,2.83327,0.464818,0.056651
45.5505,2.81541,0.429256,-0.0149181
45.5755,2.79985,0.390896,-0.0867574
45.6005,2.78828,0.351375,-0.154687
45.6255,2.7817,0.312509,-0.215001
45.6505,2.7804,0.276047,-0.264541
45.6755,2.78417,0.243439,-0.300723
45.7005,2.79249,0.21567,-0.321588
45.7255,2.80468,0.193171,-0.325867
45.7505,2.82009,0.175819,-0.313068
45.7755,2.83813,0.162995,-0.283545
45.8005,2.85829,0.153689,-0.238537
45.8255,2.8801,0.146637,-0.180155
45.8505,2.90304,0.140473,-0.111306
45.8755,2.92649,0.13389,-0.0355555
45.9005,2.94977,0.125781,0.043064
45.9255,2.97217,0.11534,0.120295
45.9505,2.99306,0.102106,0.191923
45.9755,3.01201,0.085943,0.254041
46.0005,3.02889,0.0669763,0.30329
46.0255,3.04392,0.0455077,0.337049
46.0505,3.0576,0.0219478,0.353568
46.0755,3.07071,-0.00322266,0.352041
46.1005,3.08416,-0.0294596,0.332635
46.1255,3.09883,-0.0561491,0.296465
46.1505,3.11548,-0.0826129,0.245537
46.1755,3.13459,-0.108148,0.182651
46.2005,3.15626,-0.132114,0.111279
46.2255,3.18019,-0.154042,0.0353888
46.2505,3.20571,-0.173761,-0.040758
46.2755,3.2319,-0.191468,-0.112861
46.3005,3.25767,-0.207738,-0.176847
46.3255,3.28192,-0.22345,-0.229127
46.3505,3.30364,-0.239641,-0.266807
46.3755,3.32187,-0.257325,-0.287837
46.4005,3.33579,-0.277308,-0.29109
46.4255,3.34466,-0.30003,-0.276376
46.4505,3.34789,-0.325465,-0.244411
46.4755,3.3451,-0.353092,-0.196774
46.5005,3.33628,-0.381964,-0.135847
46.5255,3.3219,-0.410854,-0.0647715
46.5505,3.30309,-0.438481,0.0126287
46.5755,3.28157,-0.46375,0.0919632
46.6005,3.25967,-0.485949,0.168489
46.6255,3.23999,-0.504833,0.237414
46.6505,3.2252,-0.520561,0.294263
46.6755,3.21769,-0.533503,0.335225
46.7006,3.21939,-0.543969,0.357448
46.7256,3.23156,-0.551971,0.359246
46.7506,3.25466,-0.557064,0.34025
46.7756,3.28826,-0.558368,0.301518
46.8006,3.33093,-0.554753,0.245563
46.8256,3.38028,-0.545184,0.176241
46.8506,3.43321,-0.529117,0.0984255
46.8756,3.48641,-0.506815,0.0174757
46.9006,3.53686,-0.479478,-0.061373
46.9256,3.58228,-0.44913,-0.133508
46.9506,3.62133,-0.418321,-0.19521
46.9756,3.6535,-0.389757,-0.243701
47.0006,3.67891,-0.365941,-0.27707
47.0256,3.69799,-0.348892,-0.294158
47.0506,3.7112,-0.339964,-0.294487
47.0756,3.71888,-0.339738,-0.278209
47.1006,3.72115,-0.34799,-0.246077
47.1256,3.71799,-0.363719,-0.19942
47.1506,3.7094,-0.385234,-0.140134
47.1756,3.69558,-0.410316,-0.0706791
47.2006,3.67719,-0.436448,0.00590237
47.2256,3.65552,-0.461097,0.0859813
47.2506,3.63251,-0.481989,0.165416
47.2756,3.6106,-0.497336,0.239762
47.3006,3.59247,-0.505919,0.304637
47.3256,3.58053,-0.507034,0.356188
47.3506,3.57652,-0.500326,0.391556
47.3756,3.58122,-0.485597,0.409212
47.4006,3.59433,-0.462688,0.409112
47.4256,3.61452,-0.431494,0.392637
47.4506,3.63971,-0.392106,0.362349
47.4756,3.66747,-0.34501,0.321609
47.5006,3.6954,-0.291259,0.274156
47.5256,3.72155,-0.232533,0.223739
47.5506,3.74465,-0.17107,0.173879
47.5756,3.76421,-0.109478,0.127762
47.6006,3.78048,-0.0504889,0.088228
47.6256,3.79432,0.00327901,0.0577837
47.6506,3.80694,0.0495193,0.038564
47.6756,3.81963,0.0863629,0.032229
47.7006,3.83351,0.112446,0.0398031
47.7256,3.84923,0.126945,0.0615129
47.7506,3.86686,0.129611,0.0966921
47.7756,3.88587,0.120819,0.143807
47.8006,3.9053,0.10162,0.200613
47.8256,3.924,0.0737615,0.264396
47.8506,3.94095,0.0396372,0.33223
47.8756,3.9555,0.00214774,0.401175
47.9006,3.96747,-0.0355125,0.4684
47.9256,3.97723,-0.070108,0.531241
47.9506,3.98559,-0.0986092,0.587254
47.9756,3.99356,-0.118396,0.634306
48.0006,4.00216,-0.127402,0.670723
48.0256,4.01212,-0.124194,0.695453
48.0506,4.0237,-0.108025,0.708193
48.0756,4.03665,-0.0788599,0.709418
48.1006,4.05024,-0.03741,0.700287
48.1256,4.06352,0.0148634,0.68246
48.1506,4.07548,0.0757795,0.657882
48.1756,4.08537,0.142534,0.628623
48.2006,4.09285,0.211863,0.596793
48.2256,4.09808,0.28026,0.564535
48.2506,4.10181,0.34422,0.534065
48.2756,4.1053,0.400472,0.50767
48.3006,4.11016,0.446171,0.487616
48.3256,4.11804,0.479029,0.475907
48.3507,4.13021,0.497389,0.473933
48.3757,4.14724,0.500266,0.482134
48.4007,4.16872,0.487396,0.499821
48.4257,4.19343,0.459303,0.525286
48.4507,4.21965,0.417357,0.556167
48.4757,4.2456,0.363783,0.589915
48.5007,4.2699,0.301578,0.624169
48.5257,4.29169,0.234335,0.656948
48.5507,4.3107,0.166003,0.686676
48.5757,4.32719,0.100619,0.7121
48.6007,4.34173,0.0420443,0.732206
48.6257,4.35508,-0.00627616,0.746175
48.6507,4.36801,-0.0415061,0.753408
48.6757,4.3811,-0.0615719,0.753593
48.7007,4.39463,-0.0652715,0.746785
48.7257,4.40852,-0.0523423,0.733421
48.7507,4.42235,-0.023489,0.714271
48.7757,4.43549,0.0196385,0.690311
48.8007,4.44729,0.0745213,0.662574
48.8257,4.45714,0.137908,0.632036
48.8507,4.46468,0.206004,0.599562
48.8757,4.46975,0.274702,0.565925
48.9007,4.47253,0.339832,0.531869
48.9257,4.47346,0.397423,0.498189
48.9507,4.47329,0.443942,0.465775
48.9757,4.47295,0.4765,0.435588
49.0007,4.4734,0.493023,0.408533
49.0257,4.47546,0.492346,0.38527
49.0507,4.47958,0.474276,0.366039
49.0757,4.48583,0.439582,0.350581
49.1007,4.49391,0.389958,0.338207
49.1257,4.50338,0.327939,0.327955
49.1507,4.51381,0.256764,0.318764
49.1757,4.52492,0.180211,0.309607
49.2007,4.5366,0.102387,0.299562
49.2257,4.54895,0.0274999,0.287845
49.2507,4.56216,-0.040375,0.273837
49.2757,4.57643,-0.0975271,0.257123
49.3007,4.59188,-0.140821,0.237544
49.3257,4.60844,-0.167877,0.215247
49.3507,4.62578,-0.177221,0.190688
49.3757,4.6434,-0.168378,0.164566
49.4007,4.66068,-0.141913,0.137694
49.4257,4.67704,-0.0994013,0.110837
49.4507,4.69203,-0.0433396,0.0845876
49.4757,4.7054,0.0230071,0.0592952
49.5007,4.71706,0.0957993,0.0350713
49.5257,4.72707,0.170849,0.0118321
49.5507,4.73553,0.243859,-0.0106385
49.5757,4.74259,0.310668,-0.0326246
49.6007,4.74842,0.367485,-0.0544187
49.6257,4.75319,0.4111,-0.0762668
49.6507,4.75715,0.439065,-0.098325
49.6757,4.76062,0.449828,-0.120636
49.7007,4.76397,0.442827,-0.143139
49.7257,4.76761,0.418516,-0.165703
49.7507,4.77195,0.37834,-0.188189
49.7757,4.77734,0.324655,-0.210484
49.8007,4.78406,0.260593,-0.23252
49.8257,4.79229,0.189876,-0.254247
49.8507,4.80212,0.116611,-0.275594
49.8757,4.81353,0.0450446,-0.296408
49.9007,4.82639,-0.0206828,-0.316401
49.9257,4.8404,-0.0767783,-0.335109
49.9507,4.85515,-0.120021,-0.35189
49.9757,4.87013,-0.147949,-0.365974
50.0008,4.88485,-0.158999,-0.376563
50.0258,4.89895,-0.152586,-0.382972
50.0508,4.9123,-0.129128,-0.384745
50.0758,4.92507,-0.0900125,-0.381719
50.1008,4.93768,-0.0375166,-0.374012
50.1258,4.95071,0.0253205,-0.361973
50.1508,4.96476,0.0948633,-0.346114
50.1758,4.98035,0.167084,-0.327086
50.2008,4.99776,0.237797,-0.305697
50.2258,5.01694,0.302908,-0.28297
50.2508,5.03744,0.35867,-0.2602
50.2758,5.05843,0.401913,-0.238954
50.3008,5.07881,0.430228,-0.220952
50.3258,5.09746,0.442091,-0.207826
50.3508,5.11354,0.43691,-0.200805
50.3758,5.12679,0.415017,-0.20045
50.4008,5.13753,0.377617,-0.206574
50.4258,5.14657,0.326715,-0.218336
50.4508,5.15497,0.26502,-0.234456
50.4758,5.16373,0.195807,-0.253429
50.5008,5.17361,0.122739,-0.273663
50.5258,5.18499,0.0496497,-0.293526
50.5508,5.1978,-0.0196928,-0.31133
50.5758,5.21159,-0.0818246,-0.325317
50.6008,5.22556,-0.133792,-0.333695
50.6258,5.23878,-0.17331,-0.334746
50.6508,5.25042,-0.198856,-0.32703
50.6758,5.25994,-0.209718,-0.309601
50.7008,5.26734,-0.205994,-0.282184
50.7258,5.27316,-0.188585,-0.245225
50.7508,5.27837,-0.159167,-0.199806
50.7758,5.28416,-0.120135,-0.147473
50.8008,5.29167,-0.0744978,-0.0900467
50.8258,5.30173,-0.0257149,-0.0294983
50.8508,5.31473,0.0225348,0.0320929
50.8758,5.33054,0.0666176,0.0925298
50.9008,5.34848,0.103215,0.149492
50.9258,5.36754,0.129559,0.200595
50.9508,5.38652,0.143595,0.243554
50.9758,5.40436,0.144066,0.276429
51.0008,5.42042,0.130512,0.297871
51.0258,5.43465,0.103233,0.307302
51.0508,5.44758,0.0632323,0.304947
51.0758,5.4602,0.0121648,0.29174
51.1008,5.47372,-0.0477279,0.269159
51.1258,5.48926,-0.113714,0.239065
51.1508,5.50761,-0.182721,0.203609
51.1758,5.52898,-0.251548,0.165222
51.2008,5.55289,-0.317108,0.126658
51.2258,5.57809,-0.376676,0.091022
51.2508,5.60265,-0.428081,0.0616984
51.2758,5.62422,-0.469799,0.0421201
51.3008,5.64043,-0.500922,0.0353713
51.3258,5.64942,-0.521033,0.0437031
51.3508,5.65024,-0.530068,0.0680997
51.3758,5.64314,-0.528237,0.108035
51.4008,5.62953,-0.516059,0.161512
51.4258,5.61168,-0.494489,0.225376
51.4508,5.59223,-0.465052,0.295815
51.4758,5.57369,-0.429898,0.368875
51.5008,5.55802,-0.391719,0.440846
51.5258,5.54649,-0.353543,0.508464
51.5508,5.53964,-0.318457,0.568946
51.5758,5.53747,-0.289317,0.619954
51.6008,5.53967,-0.268495,0.65955
51.6259,5.54584,-0.257699,0.686201
51.6509,5.55572,-0.257855,0.698818
51.6759,5.56935,-0.269062,0.696806
51.7009,5.58706,-0.290585,0.680104
51.7259,5.60947,-0.320898,0.649191
51.7509,5.63725,-0.357785,0.605101
51.7759,5.67091,-0.398491,0.549455
51.8009,5.71045,-0.439969,0.48455
51.8259,5.7551,-0.479197,0.41347
51.8509,5.80314,-0.513533,0.340145
51.8759,5.85193,-0.541035,0.269244
51.9009,5.89824,-0.560644,0.205809
51.9259,5.93879,-0.572157,0.154681
51.9509,5.9708,-0.575994,0.119863
51.9759,5.99251,-0.572853,0.104015
52.0009,6.00337,-0.563393,0.108188
52.0259,6.00402,-0.548058,0.131789
52.0509,5.99615,-0.527085,0.172742
52.0759,5.98219,-0.50067,0.22777
52.1009,5.96497,-0.469199,0.292781
52.1259,5.9473,-0.433443,0.363283
52.1509,5.93161,-0.394639,0.434779
52.1759,5.91971,-0.354422,0.503057
52.2009,5.91265,-0.314636,0.564359
52.2259,5.91082,-0.277092,0.615456
52.2509,5.91405,-0.243328,0.653681
52.2759,5.92183,-0.21443,0.676969
52.3009,5.93349,-0.190938,0.683923
52.3259,5.94837,-0.172827,0.673902
52.3509,5.96586,-0.159558,0.647097
52.3759,5.98549,-0.150176,0.604577
52.4009,6.0068,-0.143436,0.548289
52.4259,6.02932,-0.137958,0.480987
52.4509,6.0525,-0.132379,0.406118
52.4759,6.07569,-0.125504,0.327632
52.5009,6.0982,-0.116417,0.249754
52.5259,6.11936,-0.10454,0.176721
52.5509,6.13871,-0.089634,0.112512
52.5759,6.15601,-0.0717411,0.0606033
52.6009,6.1714,-0.0511064,0.0237604
52.6259,6.18531,-0.0281049,0.00389833
52.6509,6.19847,-0.00319692,0.00199268
52.6759,6.21176,0.0230847,0.0180488
52.7009,6.2261,0.050129,0.0511172
52.7259,6.24229,0.0772474,0.0993486
52.7509,6.26089,0.103706,0.160082
52.7759,6.28211,0.128805,0.229965
52.8009,0.0225546,0.151986,0.305114
52.8259,0.0479818,0.172966,0.381308
52.8509,0.074303,0.191821,0.454236
52.8759,0.100431,0.209015,0.519757
52.9009,0.125229,0.225345,0.574164
52.9259,0.147611,0.241808,0.61441
52.9509,0.166591,0.259419,0.63827
52.9759,0.181291,0.279026,0.644435
53.0009,0.190949,0.301138,0.632538
53.0259,0.194945,0.325817,0.603138
53.0509,0.19288,0.352635,0.557668
53.0759,0.184695,0.380726,0.498391
53.1009,0.17082,0.408923,0.428344
53.1259,0.152292,0.435977,0.351273
53.1509,0.13079,0.460796,0.271516
53.1759,0.108553,0.48265,0.193798
53.2009,0.0881677,0.501278,0.122937
53.2259,0.0722856,0.516836,0.0634831
53.2509,0.0633369,0.52972,0.019365
53.276,0.0633001,0.540307,-0.00640252
53.301,0.0735371,0.548691,-0.0119325
53.326,0.0946645,0.554518,0.00338215
53.351,0.126431,0.556968,0.0387579
53.376,0.167619,0.554908,0.0919675
53.401,0.216043,0.547219,0.159409
53.426,0.268748,0.533186,0.236378
53.451,0.322417,0.512849,0.317553
53.476,0.373919,0.487179,0.397606
53.501,0.420782,0.458015,0.471736
53.526,0.461439,0.4278,0.536002
53.551,0.495207,0.399212,0.587417
53.576,0.522075,0.374797,0.623887
53.601,0.54241,0.356668,0.644109
53.626,0.556672,0.346302,0.64748
53.651,0.565223,0.34442,0.63404
53.676,0.56824,0.350942,0.604443
53.701,0.565743,0.365001,0.559932
53.726,0.557736,0.38503,0.502325
53.751,0.544413,0.408906,0.434014
53.776,0.526383,0.434176,0.357982
53.801,0.504854,0.458328,0.277808
53.826,0.48169,0.47908,0.197603
53.851,0.459299,0.494604,0.121817
53.876,0.44033,0.503641,0.0548938
53.901,0.427248,0.505455,0.000810664
53.926,0.421912,0.499679,-0.037384
53.951,0.42525,0.486116,-0.0579296
53.976,0.437119,0.464604,-0.0605322
54.001,0.456353,0.435009,-0.0463403
54.026,0.480988,0.397346,-0.0177324
54.051,0.508621,0.351985,0.0220375
54.076,0.536828,0.29983,0.0692568
54.101,0.563551,0.242411,0.120135
54.126,0.58738,0.181837,0.171074
54.151,0.607679,0.120626,0.218793
54.176,0.624573,0.0614743,0.260361
54.201,0.638815,0.0070041,0.293185
54.226,0.651573,-0.0404379,0.315038
54.251,0.664155,-0.0789202,0.324148
54.276,0.677727,-0.107001,0.319355
54.301,0.693052,-0.123766,0.300274
54.326,0.71032,-0.128859,0.267406
54.351,0.72912,-0.122526,0.222144
54.376,0.748562,-0.105675,0.166631
54.401,0.767526,-0.079901,0.10354
54.426,0.784948,-0.0474551,0.0358069
54.451,0.800083,-0.0111248,-0.0335813
54.476,0.812671,0.0259657,-0.101727
54.501,0.822978,0.0606026,-0.165892
54.526,0.831723,0.0897317,-0.223557
54.551,0.839896,0.110671,-0.272504
54.576,0.848511,0.121264,-0.310951
54.601,0.858351,0.119971,-0.337721
54.626,0.86976,0.105921,-0.352372
54.651,0.882556,0.0789489,-0.355249
54.676,0.896086,0.0396231,-0.347408
54.701,0.909401,-0.0107394,-0.330439
54.726,0.921499,-0.0700951,-0.306263
54.751,0.931567,-0.135757,-0.276952
54.776,0.939178,-0.204547,-0.244633
54.801,0.944423,-0.273007,-0.211472
54.826,0.947966,-0.337636,-0.179709
54.851,0.951015,-0.395136,-0.151671
54.876,0.955174,-0.442604,-0.129693
54.9011,0.96215,-0.477674,-0.115901
54.9261,0.97336,-0.498594,-0.111869
54.9511,0.989531,-0.504268,-0.118253
54.9761,1.01044,-0.494296,-0.134569
55.0011,1.03498,-0.469041,-0.159248
55.0261,1.06143,-0.429696,-0.189968
55.0511,1.08797,-0.378312,-0.224123
55.0761,1.11305,-0.317732,-0.259239
55.1011,1.1357,-0.251441,-0.293208
55.1261,1.15552,-0.183327,-0.324343
55.1511,1.17267,-0.11742,-0.351306
55.1761,1.18767,-0.0576192,-0.373019
55.2011,1.20128,-0.00745147,-0.388608
55.2261,1.21428,0.0301343,-0.397412
55.2511,1.22731,0.052926,-0.399052
55.2761,1.24073,0.0595642,-0.393503
55.3011,1.2545,0.0496176,-0.381133
55.3261,1.26828,0.0236172,-0.362662
55.3511,1.28146,-0.0169548,-0.339048
55.3761,1.29336,-0.069731,-0.311341
55.4011,1.30336,-0.131584,-0.280552
55.4261,1.31103,-0.198806,-0.247594
55.4511,1.31619,-0.267333,-0.213286
55.4761,1.31896,-0.332999,-0.178414
55.5011,1.31976,-0.391787,-0.143811
55.5261,1.31933,-0.440082,-0.110412
55.5511,1.31863,-0.474885,-0.0792321
55.5761,1.31866,-0.49398,-0.051257
55.6011,1.32031,-0.496052,-0.0272416
55.6261,1.32412,-0.480741,-0.0075166
55.6511,1.33017,-0.44865,0.00811026
55.6761,1.33821,-0.401311,0.0203064
55.7011,1.34775,-0.341108,0.0300548
55.7261,1.3583,-0.27116,0.0384653
55.7511,1.3695,-0.195151,0.046628
55.7761,1.38121,-0.117136,0.0555301
55.8011,1.39349,-0.0413141,0.0660199
55.8261,1.40652,0.0282092,0.0787838
55.8511,1.42054,0.0876495,0.0943127
55.8761,1.43571,0.13376,0.11285
55.9011,1.45202,0.164018,0.134337
55.9261,1.46923,0.176779,0.158395
55.9511,1.48686,0.171383,0.18437
55.9761,1.50429,0.148203,0.211453
56.0011,1.52093,0.108637,0.238836
56.0261,1.53626,0.055022,0.265858
56.0511,1.54997,-0.00950183,0.292086
56.0761,1.56193,-0.0811813,0.317329
56.1011,1.57216,-0.155871,0.3416
56.1261,1.58076,-0.229274,0.365056
56.1511,1.58789,-0.297186,0.387929
56.1761,1.59373,-0.355731,0.410465
56.2011,1.59851,-0.401583,0.43287
56.2261,1.60251,-0.432148,0.45527
56.2511,1.60604,-0.445712,0.477692
56.2761,1.60949,-0.441537,0.500074
56.3011,1.61327,-0.419902,0.522309
56.3261,1.61775,-0.382088,0.54429
56.3511,1.62327,-0.330302,0.565947
56.3761,1.63007,-0.267552,0.58726
56.4011,1.63832,-0.197475,0.608229
56.4261,1.6481,-0.124126,0.628836
56.4511,1.65942,-0.0517468,0.648987
56.4761,1.67217,0.0154829,0.668452
56.5011,1.68609,0.0736893,0.686832
56.5261,1.7008,0.119532,0.703541
56.5512,1.71583,0.150399,0.717846
56.5762,1.73067,0.164557,0.728962
56.6012,1.74494,0.161241,0.736178
56.6262,1.75847,0.140692,0.738985
56.6512,1.77135,0.104132,0.737155
56.6762,1.78394,0.0536923,0.73074
56.7012,1.7968,-0.0077078,0.720029
56.7262,1.81052,-0.076518,0.705486
56.7512,1.82562,-0.148757,0.687709
56.7762,1.84244,-0.220242,0.667444
56.8012,1.86102,-0.286836,0.645633
56.8262,1.88101,-0.344702,0.623477
56.8512,1.90167,-0.390538,0.602444
56.8762,1.92198,-0.421774,0.58419
56.9012,1.94085,-0.436709,0.57034
56.9262,1.95739,-0.434573,0.562187
56.9512,1.97122,-0.415533,0.560423
56.9762,1.98254,-0.380646,0.565013
57.0012,1.99207,-0.331796,0.57526
57.0262,2.00079,-0.271589,0.589996
57.0512,2.0097,-0.203231,0.607792
57.0762,2.01958,-0.13035,0.627114
57.1012,2.03087,-0.0567833,0.646373
57.1262,2.04357,0.0136544,0.663925
57.1512,2.05729,0.0774134,0.67805
57.1762,2.07129,0.131421,0.686975
57.2012,2.08466,0.173252,0.688977
57.2262,2.09653,0.201231,0.682563
57.2512,2.10631,0.214492,0.666697
57.2762,2.11392,0.212988,0.640984
57.3012,2.1198,0.197481,0.605748
57.3262,2.12488,0.169522,0.561966
57.3512,2.13033,0.131397,0.511098
57.3762,2.13731,0.0860377,0.454903
57.4012,2.14674,0.0368601,0.395295
57.4262,2.1591,-0.0124524,0.334293
57.4512,2.17434,-0.0582112,0.274025
57.4762,2.1919,-0.0969955,0.216746
57.5012,2.21079,-0.125897,0.164799
57.5262,2.22986,-0.142701,0.12047
57.5512,2.24797,-0.145985,0.0857639
57.5762,2.26441,-0.135137,0.0621406
57.6012,2.27899,-0.110321,0.0503251
57.6262,2.29212,-0.0724231,0.0502408
57.6512,2.30473,-0.0229996,0.0610829
57.6762,2.31798,0.0357886,0.0814773
57.7012,2.33302,0.101265,0.109646
57.7262,2.35071,0.170379,0.143513
57.7512,2.3714,0.239907,0.18073
57.7762,2.39473,0.306691,0.218639
57.8012,2.41959,0.367891,0.254228
57.8262,2.44419,0.421193,0.284182
57.8512,2.46622,0.464919,0.305081
57.8762,2.4833,0.498024,0.313764
57.9012,2.49346,0.51999,0.307818
57.9262,2.4956,0.530685,0.286026
57.9512,2.48975,0.530275,0.248657
57.9762,2.47717,0.519237,0.197477
58.0012,2.46002,0.498474,0.135466
58.0262,2.44092,0.469453,0.0663371
58.0512,2.42241,0.434267,-0.00598869
58.0762,2.40654,0.395574,-0.0777934
58.1012,2.39465,0.356404,-0.145785
58.1262,2.38739,0.319888,-0.207148
58.1512,2.38479,0.288963,-0.259508
58.1763,2.38655,0.266117,-0.300885
58.2013,2.39225,0.253193,-0.329687
58.2263,2.4016,0.251265,-0.344752
58.2513,2.41453,0.26058,-0.345397
58.2763,2.43136,0.280546,-0.331465
58.3013,2.45265,0.30977,-0.303336
58.3263,2.47909,0.346142,-0.261931
58.3513,2.51126,0.386976,-0.208743
58.3763,2.54932,0.429239,-0.145905
58.4013,2.59268,0.469851,-0.0763059
58.4263,2.63985,0.506034,-0.00367393
58.4513,2.68838,0.535653,0.0674886
58.4763,2.73513,0.557427,0.132205
58.5013,2.77677,0.570954,0.185565
58.5263,2.81039,0.576518,0.223366
58.5513,2.834,0.574761,0.242666
58.5763,2.8468,0.566351,0.242106
58.6013,2.84923,0.551776,0.221989
58.6263,2.84283,0.531323,0.184152
58.6513,2.82993,0.505214,0.131692
58.6763,2.81335,0.473836,0.0685889
58.7013,2.79591,0.437938,-0.000721969
58.7263,2.78014,0.398736,-0.0717488
58.7513,2.76791,0.357857,-0.140251
58.7763,2.76039,0.317172,-0.202422
58.8013,2.75804,0.278547,-0.254967
58.8263,2.76074,0.243608,-0.295139
58.8513,2.76799,0.213542,-0.320775
58.8763,2.77914,0.188999,-0.330354
58.9013,2.7935,0.170055,-0.323092
58.9263,2.81047,0.156254,-0.299018
58.9513,2.82957,0.146703,-0.259034
58.9763,2.85038,0.140186,-0.204918
59.0013,2.87247,0.135315,-0.139274
59.0263,2.89536,0.13068,-0.0654187
59.0513,2.91843,0.125004,0.0127873
59.0763,2.941,0.117263,0.0911615
59.1013,2.96242,0.106766,0.165456
59.1263,2.98215,0.0931644,0.231628
59.1513,2.99988,0.0764117,0.286096
59.1763,3.01566,0.0566902,0.325951
59.2013,3.02984,0.0343346,0.349116
59.2263,3.04308,0.0097809,0.354447
59.2513,3.05625,-0.0164522,0.341766
59.2763,3.07028,-0.04376,0.311855
59.3013,3.08602,-0.0714489,0.266408
59.3263,3.10411,-0.0987609,0.207942
59.3513,3.12484,-0.124943,0.139685
59.3763,3.1481,-0.149357,0.0654314
59.4013,3.17336,-0.171609,-0.0106524
59.4263,3.19975,-0.191653,-0.084254
59.4513,3.22618,-0.209839,-0.151177
59.4763,3.25148,-0.226874,-0.207607
59.5013,3.27452,-0.243701,-0.25035
59.5263,3.29424,-0.26133,-0.277007
59.5513,3.30973,-0.28064,-0.286086
59.5763,3.32019,-0.302206,-0.277045
59.6013,3.32498,-0.326174,-0.250275
59.6263,3.32367,-0.352208,-0.207065
59.6513,3.31616,-0.379524,-0.149549
59.6763,3.30283,-0.40702,-0.0806586
59.7013,3.28465,-0.433483,-0.00405486
59.7263,3.26322,-0.457826,0.0759826
59.7513,3.24072,-0.479307,0.154751
59.7763,3.21971,-0.497642,0.227413
59.8013,3.20282,-0.512985,0.289353
59.8264,3.1925,-0.525754,0.336533
59.8514,3.19079,-0.536385,0.365783
59.8764,3.19913,-0.545057,0.375027
59.9014,3.21828,-0.551508,0.363428
59.9264,3.24815,-0.554989,0.331504
59.9514,3.28775,-0.554382,0.281199
59.9764,3.3351,-0.5485,0.215848
60.0014,3.3874,-0.536478,0.139962
