time,PN_m,PE_m,PD_m,P_m
0,0,0,0,0
0.1,3.076759,0.144474,-0.149744,3.083787
0.2,6.005903,0.987417,-0.549134,6.111253
0.3,8.578121,2.586582,-1.110866,9.028211
0.4,10.955134,4.401658,-1.87296,11.953976
0.5,13.479445,5.769805,-2.97853,14.961876
0.6,16.132185,6.351298,-4.427096,17.89373
0.7,18.748886,6.505809,-6.058476,20.749732
0.8,21.327155,6.997786,-7.670958,23.720458
0.9,23.792776,8.26482,-9.003883,26.748334
1,26.109175,10.044179,-10.000094,29.708187
1.1,28.511068,11.709677,-10.983474,32.720548
1.2,31.122712,12.701511,-12.268163,35.783508
1.3,33.799653,12.939508,-13.77825,38.7258
1.4,36.558391,12.939565,-15.160951,41.638957
1.5,39.49474,13.299124,-16.001814,44.640332
1.6,42.457454,14.131378,-16.094457,47.553788
1.7,45.392401,15.013602,-15.726009,50.330762
1.8,48.435604,15.39585,-15.46582,53.124679
1.9,51.480798,15.015485,-15.67575,55.870086
2,54.387652,14.098019,-16.160282,58.463027
2.1,57.296948,13.094902,-16.331696,61.001156
2.2,60.219184,12.353316,-15.725688,63.452753
2.3,62.992955,11.878178,-14.462323,65.714247
2.4,65.729552,11.340906,-13.141534,67.983013
2.5,68.584291,10.46552,-12.402564,70.478051
2.6,71.448437,9.328115,-12.430438,73.119141
2.7,74.304865,8.192397,-12.723887,75.830242
2.8,77.237867,7.277607,-12.537964,78.58659
2.9,80.101071,6.714017,-11.558998,81.208805
3,82.852322,6.469407,-10.179857,83.725683
3.1,85.74521,6.439862,-9.121666,86.469172
3.2,88.807871,6.606905,-8.898673,89.49679
3.3,91.832934,7.025997,-9.338551,92.573544
3.4,94.811392,7.74114,-9.695756,95.619732
3.5,97.708659,8.690168,-9.295633,98.5338
3.6,100.351531,9.758665,-8.122382,101.151542
3.7,102.829434,11.015597,-6.777561,103.639622
3.8,105.317795,12.630567,-5.960696,106.239819
3.9,107.717319,14.561397,-5.936545,108.859072
4,109.985,16.633513,-6.256855,111.411499
4.1,112.293485,18.670957,-6.167945,114.002083
4.2,114.668961,20.418665,-5.288027,116.592692
4.3,117.048137,21.84595,-3.932635,119.134284
4.4,119.499742,23.314426,-2.7741,121.784426
4.5,121.968585,25.09999,-2.352713,124.5467
4.6,124.329133,27.062686,-2.654628,127.2681
4.7,126.783592,28.869223,-3.139763,130.066788
4.8,129.577353,30.150488,-3.259179,133.078791
4.9,132.588021,30.718746,-2.933697,136.131668
5,135.654376,30.881597,-2.610546,139.149552
5.1,138.706567,31.204132,-2.845695,142.201644
5.2,141.522295,31.965076,-3.828972,145.137821
5.3,144.082009,32.906725,-5.276884,147.886184
5.4,146.718359,33.480185,-6.766669,150.641918
5.5,149.54073,33.280102,-7.974944,153.406632
5.6,152.36528,32.460551,-8.912492,156.039413
5.7,155.156978,31.647832,-9.946415,158.663809
5.8,157.890476,31.462574,-11.346559,161.394053
5.9,160.447497,32.001043,-12.984617,164.122108
6,162.978964,32.727912,-14.597538,166.872247
6.1,165.718226,32.943736,-15.984865,169.715456
6.2,168.57178,32.386531,-17.001795,172.494618
6.3,171.446486,31.496508,-17.69674,175.211593
6.4,174.446158,31.028145,-18.217886,178.118217
6.5,177.475553,31.433767,-18.573429,181.192234
6.6,180.394271,32.435519,-18.668934,184.235406
6.7,183.353938,33.277402,-18.464989,187.26187
6.8,186.397328,33.327888,-18.02168,190.209077
6.9,189.336851,32.615988,-17.414494,192.91322
7,192.19204,31.792471,-16.578126,195.507994
7.1,195.019601,31.558969,-15.386708,198.154899
7.2,197.660127,32.084597,-13.886362,200.72812
7.3,200.15854,32.86056,-12.243323,203.207176
7.4,202.784301,33.176062,-10.664402,205.756782
7.5,205.552483,32.712888,-9.397485,208.351312
7.6,208.348101,31.831505,-8.422277,210.933901
7.7,211.186571,31.227786,-7.380272,213.610418
7.8,213.944994,31.390153,-6.026383,216.319485
7.9,216.505589,32.214847,-4.512837,218.935681
8,219.135736,33.171154,-3.212314,221.655397
8.1,222.072842,33.771787,-2.521216,224.64024
8.2,225.149819,33.967418,-2.556805,227.712019
8.3,228.202959,34.22016,-2.947085,230.773255
8.4,231.156991,35.066666,-3.129374,233.822622
8.5,233.806705,36.610367,-2.841253,236.672701
8.6,236.179873,38.534555,-2.384702,239.314712
8.7,238.583369,40.463321,-2.364598,242.00185
8.8,241.071192,42.097726,-3.148509,244.739558
8.9,243.492031,43.467827,-4.490843,247.382273
9,245.874074,44.971001,-5.7511,250.019052
9.1,248.237439,46.85144,-6.342838,252.699654
9.2,250.511622,48.934197,-6.221631,255.322026
9.3,252.818289,50.974878,-5.98781,257.97554
9.4,255.277348,52.791165,-6.348535,260.756084
9.5,257.763928,54.225825,-7.470508,263.511842
9.6,260.286382,55.353701,-8.852357,266.254385
9.7,263.04853,56.36017,-9.772093,269.19601
9.8,266.001654,57.229694,-9.825154,272.265773
9.9,268.99045,57.836172,-9.334226,275.296228
10,272.048197,58.15112,-9.088413,278.342187
10.1,275.070122,58.221466,-9.665045,281.330276
10.2,277.884466,58.085312,-10.926264,284.100446
10.3,280.667253,57.695873,-12.20524,286.795901
10.4,283.588569,56.968938,-12.846146,289.53922
10.5,286.495547,55.944712,-12.727516,292.184016
10.6,289.341884,54.784026,-12.413126,294.744128
10.7,292.223089,53.717995,-12.636509,297.388026
10.8,295.037131,52.968936,-13.644335,300.064634
10.9,297.766853,52.472882,-15.006178,302.727084
11,300.615008,51.892757,-16.03481,305.48217
11.1,303.556304,51.01476,-16.27082,308.242883
11.2,306.445057,50.001343,-15.862228,310.902425
11.3,309.405194,49.260295,-15.402267,313.68038
11.4,312.481736,49.188894,-15.380011,316.703216
11.5,315.478506,49.822329,-15.753641,319.776687
11.6,318.414175,50.748688,-16.007445,322.830071
11.7,321.392208,51.426101,-15.619673,325.855135
11.8,324.259705,51.615148,-14.505243,328.662261
11.9,326.96358,51.662238,-13.010091,331.275462
12,329.627108,52.204013,-11.558048,333.935439
12.1,332.161429,53.541991,-10.429738,336.610664
12.2,334.49404,55.354635,-9.522636,339.177062
12.3,336.854571,57.019161,-8.437214,341.750454
12.4,339.379552,57.998816,-6.973208,344.370394
12.5,341.969146,58.303969,-5.318628,346.944574
12.6,344.605287,58.582603,-3.733318,349.569253
12.7,347.229113,59.512377,-2.418121,352.300479
12.8,349.669588,61.154758,-1.490598,354.980206
12.9,352.080072,62.981064,-0.855933,357.669854
13,354.807881,64.327857,-0.372536,360.592352
13.1,357.829519,64.843245,-0.061768,363.657277
13.2,360.919388,64.886594,-0.021453,366.705707
13.3,363.970462,65.251516,-0.279695,369.773357
13.4,366.773259,66.428418,-0.767355,372.741126
13.5,369.227892,68.184311,-1.425243,375.473525
13.6,371.644649,69.872905,-2.341021,378.163256
13.7,374.253526,70.900157,-3.61244,380.927269
13.8,376.911239,71.19356,-5.154549,383.610707
13.9,379.520923,71.358483,-6.801718,386.231054
14,382.079904,72.118567,-8.338809,388.916027
14.1,384.481027,73.632461,-9.54332,391.584568
14.2,386.804488,75.425781,-10.514584,394.23003
14.3,389.306105,76.84582,-11.623844,396.988207
14.4,391.971097,77.471967,-13.035932,399.76641
14.5,394.673194,77.498183,-14.535156,402.47257
14.6,397.514711,77.563549,-15.736984,405.316792
14.7,400.493245,78.126574,-16.274834,408.366834
14.8,403.435578,79.051964,-16.128742,411.423887
14.9,406.407427,79.799914,-15.740033,414.466852
15,409.484058,79.878974,-15.644368,417.495617
15.1,412.477722,79.223356,-15.994536,420.321349
15.2,415.369162,78.207081,-16.395562,422.985464
15.3,418.30596,77.285137,-16.248551,425.695765
15.4,421.178233,76.695742,-15.299683,428.377661
15.5,423.905693,76.273421,-13.90674,430.93743
15.6,426.687363,75.640109,-12.731894,433.526969
15.7,429.566539,74.639805,-12.288539,436.176019
15.8,432.419138,73.46656,-12.476234,438.793007
15.9,435.311966,72.393573,-12.619779,441.470946
16,438.244344,71.624832,-12.07853,444.223043
16.1,441.042912,71.230418,-10.837975,446.889342
16.2,443.819534,71.112598,-9.486075,449.580655
16.3,446.803685,71.176186,-8.724343,452.521488
16.4,449.874211,71.435462,-8.828168,455.596057
16.5,452.877829,71.962694,-9.336901,458.654701
16.6,455.847306,72.78638,-9.446917,461.718385
16.7,458.655567,73.809498,-8.70136,464.638015
16.8,461.201344,74.963522,-7.382562,467.31222
16.9,463.676002,76.380519,-6.200073,469.965807
17,466.151221,78.154942,-5.742932,472.692434
17.1,468.489069,80.159565,-5.980362,475.334965
17.2,470.75773,82.240103,-6.256628,477.928258
17.3,473.105849,84.199798,-5.886893,480.576118
17.4,475.481317,85.821398,-4.769246,483.187894
17.5,477.878728,87.243756,-3.43051,485.789378
17.6,480.358207,88.852594,-2.553986,488.51337
17.7,482.787622,90.748446,-2.498167,491.248826
17.8,485.149794,92.682184,-2.987029,493.932417
17.9,487.737338,94.312269,-3.398115,496.783717
18,490.652037,95.304817,-3.321837,499.833436
18.1,493.695771,95.654916,-2.920636,502.885581
18.2,496.776215,95.82285,-2.759542,505.940947
18.3,499.768017,96.309021,-3.305759,508.973895
18.4,502.463298,97.173207,-4.537388,511.793499
18.5,505.022414,98.001859,-6.061124,514.479096
18.6,507.757101,98.254615,-7.459366,517.230011
18.7,510.60848,97.725619,-8.508699,519.945877
18.8,513.421187,96.801021,-9.402963,522.551594
18.9,516.212309,96.160765,-10.551214,525.198409
19,518.889769,96.265103,-12.073532,527.88193
19.1,521.41048,96.931188,-13.735577,530.52164
19.2,524.024196,97.489983,-15.283479,533.234695
19.3,526.843565,97.355018,-16.517148,536.017684
19.4,529.707349,96.559402,-17.357492,538.715951
19.5,532.629841,95.738428,-17.939499,541.463036
19.6,535.674766,95.597618,-18.387593,544.44877
19.7,538.664406,96.313116,-18.652767,547.524871
19.8,541.578105,97.349787,-18.637228,550.573493
19.9,544.591097,97.926444,-18.324954,553.628807
20,547.612617,97.631184,-17.792366,556.532114
20.1,550.502239,96.793571,-17.078385,559.207816
20.2,553.354866,96.164845,-16.080442,561.878871
20.3,556.124584,96.292375,-14.737287,564.591854
20.4,558.676407,97.042212,-13.162901,567.194658
20.5,561.197662,97.745103,-11.519356,569.762772
20.6,563.895678,97.777636,-10.031596,572.397969
20.7,566.679354,97.09495,-8.882854,575.005934
20.8,569.491147,96.263311,-7.898861,577.623739
20.9,572.323536,95.966339,-6.718378,580.352397
21,574.993655,96.477248,-5.262051,583.055102
21.1,577.532704,97.460594,-3.795068,585.710674
21.2,580.28308,98.339755,-2.707388,588.563072
21.3,583.311821,98.757777,-2.322195,591.61742
21.4,586.391468,98.898268,-2.558914,594.678375
21.5,589.427656,99.335679,-2.924682,597.74668
21.6,592.285826,100.485482,-2.930462,600.756539
21.7,594.796622,102.241607,-2.538557,603.52532
21.8,597.151089,104.220215,-2.220423,606.181661
21.9,599.609876,106.049886,-2.545279,608.921226
22,602.090007,107.523388,-3.64162,611.626452
22.1,604.492317,108.864153,-5.056762,614.237687
22.2,606.88298,110.495525,-6.124816,616.890367
22.3,609.216553,112.488416,-6.425483,619.548012
22.4,611.480722,114.584349,-6.201568,622.154889
22.5,613.853986,116.560532,-6.176296,624.852959
22.6,616.349791,118.217978,-6.897021,627.622597
22.7,618.838953,119.476382,-8.228603,630.320526
22.8,621.449446,120.512838,-9.519144,633.098233
22.9,624.319594,121.466559,-10.109447,636.106345
23,627.297229,122.247564,-9.868372,639.174206
23.1,630.310506,122.744658,-9.376117,642.219196
23.2,633.386768,122.952891,-9.421448,645.27899
23.3,636.336461,122.918544,-10.322273,648.181772
23.4,639.110617,122.660936,-11.666885,650.87956
23.5,641.958839,122.116744,-12.725155,653.594354
23.6,644.903813,121.248471,-12.998206,656.331527
23.7,647.776968,120.15212,-12.670539,658.947702
23.8,650.63777,119.00123,-12.463091,661.548282
23.9,653.517409,118.034492,-12.985011,664.218154
24,656.288726,117.390071,-14.190566,666.855826
24.1,659.0545,116.874736,-15.476749,669.516294
24.2,661.969941,116.162946,-16.183558,672.279659
24.3,664.89754,115.192863,-16.070867,674.993635
24.4,667.792819,114.245854,-15.530068,677.672892
24.5,670.818639,113.747838,-15.188893,680.563678
24.6,673.888293,113.984008,-15.360046,683.632735
24.7,676.846312,114.793982,-15.766137,686.692915
24.8,679.805812,115.678423,-15.813403,689.759018
24.9,682.765251,116.170982,-15.108204,692.742624
25,685.552933,116.261442,-13.775958,695.477767
25.1,688.229951,116.471565,-12.243055,698.123186
25.2,690.862461,117.367412,-10.912995,700.846019
25.3,693.304234,118.987222,-9.937358,703.510818
25.4,695.613208,120.840601,-9.037602,706.089133
25.5,698.041914,122.301227,-7.818921,708.718025
25.6,700.603049,122.998857,-6.246284,711.345463
25.7,703.204423,123.232822,-4.586277,713.935447
25.8,705.853604,123.752849,-3.086897,716.626546
25.9,708.413677,125.033881,-1.942755,719.36582
26,710.799113,126.850518,-1.185197,722.030358
26.1,713.310741,128.570547,-0.648844,724.805505
26.2,716.187464,129.597192,-0.235002,727.818639
26.3,719.259955,129.843928,-0.017012,730.885989
26.4,722.35215,129.920798,-0.08976,733.942812
26.5,725.340531,130.588309,-0.456236,737.002307
26.6,727.995176,132.052423,-1.035395,739.875592
26.7,730.391734,133.849893,-1.811398,742.557176
26.8,732.89193,135.301791,-2.892228,745.282175
26.9,735.555425,135.966408,-4.297908,748.028823
27,738.202666,136.075121,-5.896572,750.66263
27.1,740.809298,136.378376,-7.529004,753.295535
27.2,743.325014,137.438072,-8.962068,755.977261
27.3,745.673434,139.120109,-10.065178,758.607001
27.4,748.053737,140.816786,-11.077833,761.272933
27.5,750.651004,141.910272,-12.329464,764.046773
27.6,753.343257,142.200097,-13.81475,766.771007
27.7,756.093342,142.129355,-15.232351,769.48679
27.8,759.017213,142.350412,-16.19288,772.420208
27.9,761.999427,143.10536,-16.430988,775.494841
28,764.934697,144.038785,-16.125652,778.544988
28.1,767.961267,144.565743,-15.80222,781.60954
28.2,771.033833,144.321993,-15.884808,784.585455
28.3,773.973578,143.452424,-16.295574,787.324103
28.4,776.880751,142.420225,-16.50538,789.999778
28.5,779.819147,141.636202,-15.998358,792.738711
28.6,782.621278,141.182647,-14.776324,795.391064
28.7,785.342435,140.747858,-13.367519,797.967035
28.8,788.177984,139.98184,-12.423971,800.608397
28.9,791.056857,138.87938,-12.254369,803.24878
29,793.914837,137.711118,-12.482715,805.866576
29.1,796.844997,136.743445,-12.366373,808.587439
29.2,799.737116,136.148604,-11.474567,811.324574
29.3,802.490468,135.913581,-10.082311,813.981023
29.4,805.33927,135.901468,-8.883223,816.773813
29.5,808.391621,136.046904,-8.471695,819.803356
29.6,811.443464,136.398547,-8.825571,822.874808
29.7,814.438064,137.04025,-9.268097,825.939034
29.8,817.371889,137.967477,-9.054519,828.983603
29.9,820.066607,139.064822,-8.018193,831.812813
30,822.553121,140.333952,-6.680823,834.465031
30.1,825.039489,141.9206,-5.771211,837.176756
30.2,827.474144,143.814414,-5.675749,839.897766
30.3,829.765414,145.860069,-6.062495,842.509678
30.4,832.063514,147.923098,-6.173852,845.132564
30.5,834.435373,149.776359,-5.500883,847.788658
30.6,836.807859,151.305187,-4.233003,850.387306
30.7,839.239317,152.79116,-3.028714,853.039825
30.8,841.722199,154.543874,-2.504377,855.795736
30.9,844.108164,156.490307,-2.768779,858.496054
31,846.52938,158.334242,-3.333016,861.215904
31.1,849.267689,159.733557,-3.587571,864.166238
31.2,852.261866,160.442408,-3.330903,867.238808
31.3,855.326723,160.656858,-2.944725,870.28909
31.4,858.404212,160.909245,-3.030079,873.360612
31.5,861.295429,161.555349,-3.890445,876.324759
31.6,863.90143,162.441062,-5.305506,879.05684
31.7,866.520153,163.060772,-6.828363,881.755419
31.8,869.337494,162.95962,-8.079225,884.516133
31.9,872.186758,162.175375,-8.991289,887.181738
32,874.996524,161.262721,-9.915199,889.788117
32.1,877.770247,160.870888,-11.208609,892.460465
32.2,880.38055,161.227805,-12.822498,895.113811
32.3,882.913293,161.904704,-14.47107,897.751874
32.4,885.629686,162.195384,-15.910544,900.500099
32.5,888.493236,161.722163,-16.96,903.250757
32.6,891.370877,160.805936,-17.641627,905.931463
32.7,894.356837,160.181354,-18.139052,908.769081
32.8,897.410019,160.403325,-18.519188,911.820667
32.9,900.354878,161.338726,-18.688486,914.887069
33,903.299843,162.280225,-18.557404,917.948722
33.1,906.346296,162.522549,-18.137007,920.981073
33.2,909.316844,161.943786,-17.509326,923.790825
33.3,912.17847,161.115702,-16.666082,926.447834
33.4,915.019028,160.78548,-15.504623,929.167469
33.5,917.700073,161.256001,-14.04656,931.865992
33.600001,920.198594,162.11569,-12.430919,934.452501
33.700001,922.782285,162.635415,-10.817637,937.066937
33.800001,925.532133,162.371761,-9.442647,939.714574
33.900001,928.32273,161.564094,-8.372803,942.314253
34.000001,931.154442,160.901938,-7.318065,944.982318
34.100001,933.942769,160.966118,-5.999981,947.731601
34.200001,936.526872,161.768485,-4.502307,950.406174
34.300001,939.111039,162.807472,-3.1511,953.124203
34.400001,941.994816,163.535557,-2.3284,956.087618
34.500001,945.072597,163.789605,-2.227919,959.163287
34.600001,948.144996,163.969239,-2.579466,962.222167
34.700001,951.142164,164.667989,-2.844753,965.29532
34.800001,953.86749,166.107898,-2.68086,968.226322
34.900001,956.274652,168.0132,-2.276598,970.924729
35.000001,958.661485,169.977046,-2.198325,973.616389
35.100001,961.158664,171.653426,-2.885999,976.370424
35.200001,963.613998,172.994073,-4.209464,979.028399
35.300001,966.014285,174.383086,-5.584609,981.643646
35.400001,968.401354,176.164558,-6.391223,984.314981
35.500001,970.697518,178.234165,-6.44757,986.946128
35.600001,972.986905,180.311074,-6.247608,989.572955
35.700001,975.430916,182.177989,-6.523874,992.318927
35.800001,977.937654,183.645506,-7.572375,995.060334
35.900001,980.455842,184.755014,-8.993881,997.751954
36.000001,983.181511,185.732642,-10.074448,1000.621803
36.100001,986.125067,186.630674,-10.30725,1003.683165
36.200001,989.113246,187.314336,-9.869602,1006.741816
36.300001,992.162585,187.699122,-9.508656,1009.805907
36.400001,995.222277,187.794551,-9.896956,1012.83371
36.500001,998.090738,187.646591,-11.044686,1015.636918
36.600001,1000.87502,187.254203,-12.34204,1018.315898
36.700001,1003.789606,186.558583,-13.083776,1021.062615
36.800001,1006.720216,185.581068,-13.015433,1023.76527
36.900001,1009.573339,184.44623,-12.60284,1026.361326
37.000001,1012.457778,183.338306,-12.61104,1029.000838
37.100001,1015.31005,182.483715,-13.427869,1031.666182
37.200001,1018.05976,181.902343,-14.730424,1034.287737
37.300001,1020.892612,181.314157,-15.825162,1036.989385
37.400001,1023.843116,180.474427,-16.16069,1039.753294
37.500001,1026.74515,179.474482,-15.766379,1042.432382
37.600001,1029.681763,178.669465,-15.207165,1045.178726
37.700001,1032.757176,178.459351,-15.05166,1048.170634
37.800001,1035.789643,178.967293,-15.380081,1051.249744
37.900001,1038.7345,179.868595,-15.721145,1054.309835
38.000001,1041.71661,180.639736,-15.488457,1057.376046
38.100001,1044.619066,180.957872,-14.481569,1060.275653
38.200001,1047.33968,181.049621,-13.003003,1062.952703
38.300001,1050.004894,181.523779,-11.509576,1065.642355
38.400001,1052.575827,182.773904,-10.345487,1068.3769
38.500001,1054.935559,184.584405,-9.483323,1071.004374
38.600001,1057.2695,186.374069,-8.518093,1073.604512
38.700001,1059.764477,187.569616,-7.149732,1076.259367
38.800001,1062.342102,188.041173,-5.504913,1078.870024
38.900001,1064.962016,188.335808,-3.878057,1081.49411
39.000001,1067.599708,189.176925,-2.51036,1084.233991
39.100001,1070.077018,190.759883,-1.558222,1086.948291
39.200001,1072.465148,192.636087,-0.944551,1089.628858
39.300001,1075.123699,194.14241,-0.4807,1092.512002
39.400001,1078.114754,194.828003,-0.134998,1095.577196
39.500001,1081.209749,194.909077,-0.0167,1098.637369
39.600001,1084.2892,195.148424,-0.207757,1101.710497
39.700001,1087.17024,196.14964,-0.682223,1104.723621
39.800001,1089.689429,197.814634,-1.361485,1107.499677
39.900001,1092.09783,199.532898,-2.276686,1110.178468
40.000001,1094.691105,200.661688,-3.51437,1112.935793
40.100001,1097.373746,200.998263,-5.015263,1115.640889
40.200001,1100.011105,201.052602,-6.641762,1118.253412
40.300001,1102.606503,201.595282,-8.228189,1120.914565
40.400001,1105.059496,202.934346,-9.544934,1123.579078
40.500001,1107.391869,204.683364,-10.596082,1126.199054
40.600001,1109.865224,206.174539,-11.703663,1128.913518
40.700001,1112.53215,206.898322,-13.080157,1131.682725
40.800001,1115.244745,206.928544,-14.573737,1134.373245
40.900001,1118.068482,206.880727,-15.842574,1137.157752
41.000001,1121.049406,207.311786,-16.520563,1140.176686
41.100001,1124.011309,208.207626,-16.497134,1143.251501
41.200001,1126.969209,209.053253,-16.122202,1146.308329
41.300001,1130.043079,209.290209,-15.927451,1149.370887
41.400001,1133.075811,208.742304,-16.161214,1152.256624
41.500001,1135.984011,207.738021,-16.532772,1154.94073
41.600001,1138.91935,206.770335,-16.460343,1157.653748
41.700001,1141.820702,206.154675,-15.599936,1160.386842
41.800001,1144.561472,205.790516,-14.201541,1163.001455
41.900001,1147.316127,205.278136,-12.886267,1165.606908
42.000001,1150.190828,204.367514,-12.223734,1168.269849
42.100001,1153.058085,203.200021,-12.258153,1170.890028
42.200001,1155.943858,202.080898,-12.397881,1173.540199
42.300001,1158.887465,201.261179,-11.95009,1176.294616
42.400001,1161.714125,200.851368,-10.765143,1178.998248
42.500001,1164.467999,200.754127,-9.346783,1181.683249
42.600001,1167.411827,200.827393,-8.408532,1184.589684
42.700001,1170.493337,201.047987,-8.347777,1187.663517
42.800001,1173.520991,201.498775,-8.83764,1190.727247
42.900001,1176.509668,202.261075,-9.088642,1193.803646
43.000001,1179.368408,203.284513,-8.526693,1196.790349
43.100001,1181.952822,204.466821,-7.29574,1199.530067
43.200001,1184.4222,205.878521,-6.070816,1202.197475
43.300001,1186.910138,207.619556,-5.510651,1204.94478
43.400001,1189.286722,209.589946,-5.723184,1207.627263
43.500001,1191.562578,211.654818,-6.128306,1210.230018
43.600001,1193.900111,213.670278,-5.982635,1212.884271
43.700001,1196.275973,215.406537,-5.035442,1215.52521
43.800001,1198.658014,216.89914,-3.727869,1218.129783
43.900001,1201.125847,218.497871,-2.768405,1220.84081
44.000001,1203.582985,220.363646,-2.621921,1223.592666
44.100001,1205.951147,222.298379,-3.121115,1226.272596
44.200001,1208.486299,223.995457,-3.648583,1229.075429
44.300001,1211.35983,225.125821,-3.698312,1232.107118
44.400001,1214.397514,225.591298,-3.31654,1235.177621
44.500001,1217.480647,225.761076,-3.046143,1238.239261
44.600001,1220.520698,226.148694,-3.436917,1241.300052
44.700001,1223.291524,226.913813,-4.578272,1244.16759
44.800001,1225.866593,227.727226,-6.100643,1246.854367
44.900001,1228.579104,228.058555,-7.546406,1249.58964
45.000001,1231.44236,227.615864,-8.621022,1252.331262
45.100001,1234.278045,226.676986,-9.450467,1254.955799
45.200001,1237.090526,225.88573,-10.472411,1257.587772
45.300001,1239.820595,225.777056,-11.912862,1260.266758
45.400001,1242.378569,226.307775,-13.578186,1262.89512
45.500001,1244.974291,226.87389,-15.172665,1265.568235
45.600001,1247.782846,226.834172,-16.457727,1268.340108
45.700001,1250.661435,226.087333,-17.313404,1271.050456
45.800001,1253.574413,225.183629,-17.868318,1273.764402
45.900001,1256.616988,224.857019,-18.303171,1276.707461
46.000001,1259.641274,225.421474,-18.613364,1279.788044
46.100001,1262.563505,226.458263,-18.678421,1282.847938
46.200001,1265.560432,227.186563,-18.426231,1285.922419
46.300001,1268.602372,227.076787,-17.897897,1288.889514
46.400001,1271.51625,226.319213,-17.163779,1291.614709
46.500001,1274.370033,225.636302,-16.17372,1294.292205
46.600001,1277.168357,225.66555,-14.866784,1297.036998
46.700001,1279.752831,226.410197,-13.332187,1299.694823
46.800001,1282.249974,227.254465,-11.700876,1302.285106
46.900001,1284.909842,227.509868,-10.149071,1304.935648
47.000001,1287.685688,226.987103,-8.887996,1307.568955
47.100001,1290.488335,226.171445,-7.840435,1310.181338
47.200001,1293.326169,225.784228,-6.673337,1312.903511
47.300001,1296.034897,226.216393,-5.249875,1315.63972
47.400001,1298.570574,227.22235,-3.777117,1318.305654
47.500001,1301.258764,228.215891,-2.60609,1321.12212
47.600001,1304.255152,228.750469,-2.076213,1324.164865
47.700001,1307.347777,228.899407,-2.207114,1327.236987
47.800001,1310.407987,229.219971,-2.583848,1330.307319
47.900001,1313.327749,230.224586,-2.700509,1333.356828
48.000001,1315.907236,231.910541,-2.412978,1336.188675
48.100001,1318.268259,233.896225,-2.101011,1338.858866
48.200001,1320.712787,235.773752,-2.339062,1341.594946
48.300001,1323.218493,237.270862,-3.359218,1344.327313
48.400001,1325.650279,238.541131,-4.805416,1346.949749
48.500001,1328.058089,240.045811,-6.037169,1349.591318
48.600001,1330.420956,241.968499,-6.555004,1352.261677
48.700001,1332.692931,244.075192,-6.456762,1354.874473
48.800001,1335.040824,246.096408,-6.407613,1357.548711
48.900001,1337.537923,247.80508,-7.032009,1360.317795
49.000001,1340.045539,249.077294,-8.329128,1363.022714
49.100001,1342.632909,250.079708,-9.712493,1365.758881
49.200001,1345.473528,251.018571,-10.48977,1368.729109
49.300001,1348.452339,251.850419,-10.392337,1371.80915
49.400001,1351.457849,252.428708,-9.883984,1374.865907
49.500001,1354.538565,252.694718,-9.767469,1377.942215
49.600001,1357.542691,252.670397,-10.495429,1380.896318
49.700001,1360.352272,252.400068,-11.779141,1383.619473
49.800001,1363.188774,251.865268,-12.901271,1386.321099
49.900001,1366.141865,251.0361,-13.273299,1389.078435
50.000001,1369.037331,249.983305,-12.9418,1391.73358
50.100001,1371.89556,248.839406,-12.577075,1394.337355
50.200001,1374.792282,247.803614,-12.872507,1397.006138
50.300001,1377.602754,247.05362,-13.93174,1399.649574
50.400001,1380.369075,246.482369,-15.214137,1402.285211
50.500001,1383.274027,245.787083,-16.016396,1405.031974
50.600001,1386.221184,244.851702,-15.980532,1407.770189
50.700001,1389.113682,243.892087,-15.40438,1410.44584
50.800001,1392.11505,243.296921,-14.933484,1413.294277
50.900001,1395.204114,243.388923,-14.991042,1416.353564
51.000001,1398.192496,244.106501,-15.404752,1419.425076
51.100001,1401.151477,245.014203,-15.580375,1422.497863
51.200001,1404.129632,245.626984,-15.026116,1425.530927
51.300001,1406.951971,245.822187,-13.765859,1428.331857
51.400001,1409.632766,246.027524,-12.220293,1430.993855
51.500001,1412.27888,246.833217,-10.839264,1433.727925
51.600001,1414.763358,248.391034,-9.852337,1436.436749
51.700001,1417.077185,250.290159,-9.036667,1439.039462
51.800001,1419.470392,251.921347,-7.94596,1441.673921
51.900001,1422.011723,252.832632,-6.43965,1444.327923
52.000001,1424.599509,253.1769,-4.764866,1446.92951
52.100001,1427.23858,253.658038,-3.214639,1449.607774
52.200001,1429.829582,254.847615,-2.022014,1452.364978
52.300001,1432.236002,256.644724,-1.2593,1455.049162
52.400001,1434.69652,258.462856,-0.754104,1457.792071
52.500001,1437.512443,259.671604,-0.345371,1460.777699
52.600001,1440.573766,260.049705,-0.072903,1463.857448
52.700001,1443.676989,260.094587,-0.064096,1466.919373
52.800001,1446.71389,260.597971,-0.378803,1469.997457
52.900001,1449.453856,261.909295,-0.961417,1472.926978
53.000001,1451.885273,263.665078,-1.754445,1475.633151
53.100001,1454.362279,265.187276,-2.82072,1478.344306
53.200001,1457.02762,265.948343,-4.188711,1481.106192
53.300001,1459.705291,266.043118,-5.749457,1483.762627
53.400001,1462.338777,266.178164,-7.379948,1486.384868
53.500001,1464.901673,267.017481,-8.89057,1489.064904
53.600001,1467.291864,268.57165,-10.10206,1491.70312
53.700001,1469.658573,270.27545,-11.161389,1494.345916
53.800001,1472.234485,271.466557,-12.390965,1497.104541
53.900001,1474.940112,271.828132,-13.848172,1499.843538
54.000001,1477.6881,271.708521,-15.284121,1502.538267
54.100001,1480.595868,271.78977,-16.343632,1505.423833
54.200001,1483.59495,272.440464,-16.72663,1508.495132
54.300001,1486.538613,273.397065,-16.507488,1511.560618
54.400001,1489.545874,274.059266,-16.149388,1514.634014
54.500001,1492.63591,273.967994,-16.114012,1517.656115
54.600001,1495.61303,273.168865,-16.436035,1520.443918
54.700001,1498.522262,272.11754,-16.662542,1523.12001
54.800001,1501.470721,271.282974,-16.249747,1525.867895
54.900001,1504.30494,270.832016,-15.087812,1528.565006
55.000001,1507.018693,270.490551,-13.62159,1531.16166
55.100001,1509.828407,269.849048,-12.494365,1533.804563
55.200001,1512.716381,268.80737,-12.115877,1536.46186
55.300001,1515.580375,267.619926,-12.248382,1539.075801
55.400001,1518.504213,266.597589,-12.180148,1541.77744
55.500001,1521.42206,265.960345,-11.38153,1544.535376
55.600001,1524.188251,265.727714,-10.000177,1547.210731
55.700001,1526.995539,265.740989,-8.68312,1549.97066
55.800001,1530.025062,265.88283,-8.08017,1552.976387
55.900001,1533.100762,266.178955,-8.316274,1556.058593
56.000001,1536.113672,266.741244,-8.809305,1559.125944
56.100001,1539.078715,267.62606,-8.772585,1562.198437
56.200001,1541.828955,268.740196,-7.893152,1565.094286
56.300001,1544.333655,270.027709,-6.589248,1567.777032
56.400001,1546.81329,271.595336,-5.597924,1570.486141
56.500001,1549.276887,273.455602,-5.413777,1573.234296
56.600001,1551.59903,275.46947,-5.835321,1575.873418
56.700001,1553.891752,277.535464,-6.129046,1578.493926
56.800001,1556.258952,279.472778,-5.67846,1581.163876
56.900001,1558.629115,281.107827,-4.530207,1583.782451
57.000001,1561.039666,282.628975,-3.30372,1586.422041
57.100001,1563.527241,284.356922,-2.676448,1589.176974
57.200001,1565.94267,286.283207,-2.882147,1591.899126
57.300001,1568.343332,288.148898,-3.506241,1594.598033
57.400001,1571.024455,289.645902,-3.899356,1597.506742
57.500001,1573.995552,290.496226,-3.739144,1600.582406
57.600001,1577.057732,290.786968,-3.317937,1603.645584
57.700001,1580.150175,290.995453,-3.25963,1606.724479
57.800001,1583.110033,291.53232,-3.978055,1609.734231
57.900001,1585.774551,292.347484,-5.339672,1612.506276
58.000001,1588.383588,292.993565,-6.887884,1615.195064
58.100001,1591.188715,292.987779,-8.189941,1617.958726
58.200001,1594.060734,292.259294,-9.096264,1620.656614
58.300001,1596.888666,291.278068,-9.918493,1623.266675
58.400001,1599.69489,290.6969,-11.08679,1625.930916
58.500001,1602.361242,290.858153,-12.650713,1628.594503
58.600001,1604.907104,291.455675,-14.324056,1631.219912
58.700001,1607.599133,291.801513,-15.817807,1633.944093
58.800001,1610.467388,291.420057,-16.910813,1636.709148
58.900001,1613.353477,290.50379,-17.587123,1639.393547
59.000001,1616.324076,289.744563,-18.051679,1642.18796
59.100001,1619.393086,289.775085,-18.436262,1645.218363
59.200001,1622.370376,290.611355,-18.668566,1648.298854
59.300001,1625.306581,291.619492,-18.618289,1651.366116
59.400001,1628.34838,292.045866,-18.240436,1654.431005
59.500001,1631.349313,291.622164,-17.603225,1657.303213
59.600001,1634.222635,290.816302,-16.747563,1659.981393
59.700001,1637.070344,290.396937,-15.606348,1662.70059
59.800001,1639.791143,290.791999,-14.186765,1665.435752
59.900001,1642.301942,291.705476,-12.606482,1668.054759
