Time,Value_1,Value_2,Value_3,Value_4,Value_5,Value_6,Value_7,Value_8,Value_9
0,0.609451,0.943602,1.35736,0,0,0,100.534,4.32438,-5.3753
0.1,0.910594,0.65117,2.96902,0,0,0,95.6572,27.119,-14.2886
0.2,0.907555,0.4922,2.15064,0,0,0,83.8467,51.7874,-20.513
0.3,0.414726,0.917944,-0.360629,0,0,0,77.9547,59.2942,-24.2025
0.4,-0.403777,1.33125,-2.5489,0,0,0,85.1156,46.2965,-27.1554
0.5,-0.698532,0.999915,-2.62401,0,0,0,93.1296,22.9842,-30.4817
0.6,0.434917,0.347807,-0.182835,0,0,0,94.5177,10.9493,-33.5588
0.7,1.83276,-0.555501,2.51739,0,0,0,91.6047,22.7857,-34.9461
0.8,1.70496,-1.35475,2.70511,0,0,0,81.6202,48.1634,-33.5039
0.9,0.773525,-0.759749,0.727554,0,0,0,70.6751,65.6509,-29.38
1,-0.0108964,0.66205,-1.64346,0,0,0,73.7975,64.4624,-23.5281
1.1,-0.714604,1.19012,-2.9662,0,0,0,88.1108,45.4227,-16.4794
1.2,-0.496439,0.264085,-2.0926,0,0,0,97.7033,23.0043,-8.53727
1.3,0.666559,-1.21446,0.363984,0,0,0,99.0073,19.117,0.253766
1.4,0.986401,-2.4106,1.71505,0,0,0,92.4937,37.9403,10.2626
1.5,0.582707,-2.23494,1.06352,0,0,0,77.5422,60.5383,21.0495
1.6,0.629177,-0.602112,-0.798237,0,0,0,67.6233,67.8427,31.5884
1.7,0.713181,1.19029,-2.34453,0,0,0,72.3728,56.1025,41.7512
1.8,0.370823,1.53187,-2.38616,0,0,0,80.1593,32.4,51.3946
1.9,0.354686,0.0281535,-1.07922,0,0,0,79.9108,14.9296,59.6739
2,0.530465,-1.99828,0.461663,0,0,0,73.9744,16.6529,66.4293
2.1,0.324943,-2.75186,1.01857,0,0,0,63.2191,30.7293,72.1207
2.2,0.384998,-1.41243,0.368942,0,0,0,51.4192,40.2893,76.8391
2.3,0.8616,1.04061,-0.8039,0,0,0,48.4943,36.6797,80.4599
2.4,0.786643,2.65169,-1.07135,0,0,0,53.5975,20.9648,82.6431
2.5,0.534069,1.98836,-0.455709,0,0,0,57.3238,1.92733,82.8677
2.6,0.563167,-0.40354,0.441106,0,0,0,59.4563,-7.14319,81.203
2.7,0.457311,-2.46651,0.99808,0,0,0,63.5108,-0.844647,78.288
2.8,0.169208,-2.3803,1.11932,0,0,0,66.3394,13.2137,74.7516
2.9,0.10735,-0.178382,0.932539,0,0,0,69.2341,19.5914,70.7214
3,0.296544,2.26909,0.655964,0,0,0,76.1159,8.36794,65.378
3.1,0.477933,2.8833,0.707702,0,0,0,80.6608,-16.2027,57.834
3.2,0.661922,1.10435,0.957143,0,0,0,80.752,-35.9554,48.4781
3.3,0.634586,-1.60154,0.932846,0,0,0,86.0995,-35.7666,38.2508
3.4,0.43665,-2.95808,0.70084,0,0,0,95.3203,-15.3586,27.991
3.5,0.248882,-1.85974,0.715737,0,0,0,98.6574,7.91385,18.8927
3.6,0.096911,0.731258,0.982153,0,0,0,99.5091,12.0171,11.344
3.7,0.234131,2.6142,1.09083,0,0,0,100.132,-7.88893,4.46286
3.8,0.509433,2.19167,0.905882,0,0,0,94.4132,-34.7964,-2.17289
3.9,0.552892,-0.127982,0.270682,0,0,0,89.5105,-45.9249,-7.99451
4,0.555967,-2.31685,-0.600652,0,0,0,94.2882,-33.0768,-12.085
4.1,0.833769,-2.49725,-1.08034,0,0,0,99.5213,-5.50416,-13.3243
4.2,0.782142,-0.550062,-0.597434,0,0,0,99.3172,13.6946,-11.3686
4.3,0.32486,1.83339,0.564572,0,0,0,100.191,8.07289,-7.19434
4.4,0.385687,2.7784,0.976155,0,0,0,98.9919,-17.3382,-2.18111
4.5,0.523839,1.63822,0.188889,0,0,0,92.4801,-40.0574,2.67697
4.6,0.308073,-0.447722,-1.40985,0,0,0,91.4879,-41.7819,7.71235
4.7,0.433376,-1.65632,-2.48793,0,0,0,97.1205,-21.6814,14.455
4.8,0.739288,-0.921538,-2.1264,0,0,0,97.8727,3.48723,23.4742
4.9,0.58211,0.99476,-0.3982,0,0,0,94.525,10.8675,33.532
5,0.645825,2.42693,1.3008,0,0,0,90.761,-6.0598,42.9402
5.1,1.01637,2.263,1.58594,0,0,0,80.9253,-32.5085,50.1193
5.2,0.441526,0.908108,-0.140303,0,0,0,70.3223,-47.6007,54.5033
5.3,-0.656376,-0.556976,-2.45828,0,0,0,70.3525,-43.9998,57.325
5.4,-0.590948,-1.24452,-2.82719,0,0,0,76.1517,-27.375,60.0222
5.5,0.152763,-0.406235,-1.19819,0,0,0,77.8821,-13.9772,62.6357
5.6,0.943888,1.01046,1.19885,0,0,0,75.5236,-18.6761,64.1516
5.7,1.83546,1.31016,2.87686,0,0,0,67.6542,-38.971,63.4888
5.8,1.63846,0.364611,2.11109,0,0,0,55.9201,-58.1484,60.4434
5.9,0.11658,-0.495474,-0.799628,0,0,0,54.1692,-64.3625,55.7357
6,-0.736416,-1.14763,-2.81736,0,0,0,67.7425,-55.3318,49.8188
6.1,-0.222636,-1.32392,-2.20967,0,0,0,83.3791,-36.9149,42.7409
6.2,0.551046,-0.795861,0.199172,0,0,0,90.6194,-27.8811,34.5674
6.3,0.941626,-0.452942,2.51078,0,0,0,88.5451,-40.7649,25.1005
6.4,0.855249,-0.689734,2.83049,0,0,0,75.7588,-64.4894,14.5759
6.5,0.571447,-0.961813,0.837512,0,0,0,63.1716,-78.5517,4.00865
6.6,0.661817,-0.923475,-1.82944,0,0,0,67.0811,-74.9222,-6.41946
6.7,0.954675,-0.618889,-3.00167,0,0,0,82.2978,-55.1195,-17.1044
6.8,0.851153,-0.55109,-1.71562,0,0,0,91.1727,-33.175,-27.3426
6.9,0.255717,-1.0292,0.910154,0,0,0,89.4455,-29.3178,-36.3123
7,-0.565731,-1.29461,2.79919,0,0,0,78.5213,-44.9097,-44.1013
7.1,-0.588395,-0.847374,2.31183,0,0,0,61.6482,-61.4407,-50.7845
7.2,0.768657,-0.203706,-0.45156,0,0,0,53.4902,-64.4972,-56.2873
7.3,1.95737,0.741002,-2.81344,0,0,0,61.1963,-52.3652,-60.4739
7.4,1.54223,1.33833,-2.44045,0,0,0,72.7189,-30.4307,-62.6452
7.5,0.607419,0.481238,-0.233946,0,0,0,77.9891,-14.8059,-62.3402
7.6,-0.181749,-0.867306,2.05225,0,0,0,78.7894,-18.4673,-60.2234
7.7,-0.794578,-1.06628,3.00798,0,0,0,74.6108,-35.8093,-57.4903
7.79999,-0.28191,0.0392258,1.64196,0,0,0,69.2987,-48.7524,-54.8634
7.89999,0.847031,1.50203,-0.819508,0,0,0,74.0157,-44.9338,-51.6667
7.99999,0.92083,2.49558,-1.75894,0,0,0,86.1614,-23.3748,-46.24
8.09999,0.543105,1.98431,-0.769338,0,0,0,93.2764,2.01874,-38.0064
8.2,0.678022,0.210764,1.19313,0,0,0,96.4175,9.77236,-28.1384
8.3,0.665452,-1.39042,2.50066,0,0,0,98.694,-7.01627,-18.3177
8.4,0.327656,-1.32819,2.22271,0,0,0,94.5245,-33.1355,-10.2314
8.5,0.410128,0.407219,0.729742,0,0,0,90.0565,-45.4392,-4.47071
8.6,0.510543,2.29803,-0.696083,0,0,0,94.7314,-34.2146,0.226177
8.7,0.273368,2.63177,-1.01163,0,0,0,100.19,-7.51247,5.10589
8.8,0.473588,0.947172,-0.136262,0,0,0,99.7515,11.8745,9.85122
8.9,0.915757,-1.49139,0.976582,0,0,0,99.7411,6.69484,13.2099
9,0.730783,-2.70559,1.02673,0,0,0,97.812,-18.8256,13.8362
9.1,0.524783,-1.58649,0.291699,0,0,0,90.7156,-42.5889,11.2432
9.2,0.564086,0.917526,-0.604941,0,0,0,89.6902,-45.8575,6.26119
9.3,0.392452,2.64407,-1.07878,0,0,0,97.0491,-26.4506,-0.0500807
9.4,0.113841,2.05181,-1.13271,0,0,0,100.483,0.587614,-6.89823
9.5,0.136351,-0.384564,-0.863168,0,0,0,99.3008,11.69,-14.0464
9.6,0.342825,-2.59714,-0.603078,0,0,0,98.1776,-2.08993,-22.2793
9.7,0.517426,-2.70376,-0.726046,0,0,0,91.464,-27.1286,-32.0626
9.8,0.68027,-0.567057,-0.979105,0,0,0,82.1895,-40.3432,-42.4619
9.9,0.599946,2.03919,-0.909567,0,0,0,80.0785,-31.5413,-52.4533
10,0.393657,2.92445,-0.708579,0,0,0,79.4978,-7.4618,-61.2521
10.1,0.203401,1.383,-0.77872,0,0,0,73.3258,13.3314,-67.9704
10.2,0.107195,-1.25433,-1.00891,0,0,0,67.8962,17.0137,-72.7582
10.3,0.304103,-2.74579,-1.0482,0,0,0,65.3149,5.75305,-76.6456
10.4,0.547305,-1.83126,-0.800319,0,0,0,61.1017,-6.71812,-80.0574
10.5,0.538712,0.65684,-0.0988075,0,0,0,57.6218,-6.88421,-82.6085
10.6,0.590152,2.55966,0.721608,0,0,0,55.779,7.47966,-83.6393
10.7,0.864476,2.24885,1.04964,0,0,0,51.1741,26.7309,-82.6671
10.8,0.686591,0.0371553,0.369444,0,0,0,48.5042,38.1396,-79.921
10.9,0.298303,-2.19552,-0.713352,0,0,0,55.7197,36.1808,-75.9141
11,0.446196,-2.7112,-0.885033,0,0,0,67.8583,23.0838,-70.8796
11.1,0.49328,-1.23159,0.115336,0,0,0,76.3405,12.2318,-64.9086
11.2,0.278993,0.836368,1.70796,0,0,0,80.5749,18.664,-57.6982
11.3,0.507145,1.69629,2.52543,0,0,0,77.7699,41.1215,-48.8633
11.4,0.741132,0.596467,1.85298,0,0,0,69.5558,61.7522,-38.9673
11.5,0.54661,-1.37482,0.00933387,0,0,0,70.6196,66.1308,-28.6802
11.6,0.726244,-2.55269,-1.47361,0,0,0,84.6381,51.3065,-17.955
11.7,1.00027,-2.06019,-1.37052,0,0,0,96.6947,27.1954,-7.37241
11.8,0.189391,-0.587496,0.668425,0,0,0,99.6215,16.3691,2.08176
11.9,-0.749971,0.827284,2.72215,0,0,0,95.5914,29.9088,10.4672
12,-0.438844,1.2241,2.60317,0,0,0,82.9999,53.9957,18.082
12.1,0.307825,0.114274,0.728479,0,0,0,71.5576,66.8349,24.6915
12.2,1.11895,-1.2195,-1.63527,0,0,0,75.268,60.0357,29.9481
12.3,1.92102,-1.21011,-2.94443,0,0,0,87.5449,36.9481,33.0652
12.4,1.38339,-0.175193,-1.61027,0,0,0,94.1796,14.4152,33.2383
12.5,-0.166789,0.651195,1.36983,0,0,0,95.3056,12.4047,30.9203
12.6,-0.705205,1.27939,2.88841,0,0,0,91.4625,31.8674,27.5148
12.7,-0.0369227,1.27345,1.79633,0,0,0,81.9774,53.4995,24.2864
12.8,0.663761,0.672534,-0.752284,0,0,0,79.3554,58.7683,21.1957
12.9,0.95526,0.434249,-2.78355,0,0,0,89.4517,43.0566,16.5872
13,0.7933,0.732171,-2.59104,0,0,0,98.956,16.0816,9.10692
13.1,0.550495,0.978554,-0.288107,0,0,0,100.974,0.926282,-0.493771
13.2,0.724835,0.900565,2.23711,0,0,0,99.5398,11.7099,-10.2761
13.3,0.983318,0.595523,2.92686,0,0,0,91.1843,38.3694,-18.226
13.4,0.771019,0.627295,1.22038,0,0,0,79.6563,57.486,-23.2549
13.5,0.0773335,1.11987,-1.43268,0,0,0,79.443,56.4086,-26.3893
13.6,-0.692962,1.2178,-2.94653,0,0,0,88.8038,37.2502,-29.435
13.7,-0.408041,0.70018,-1.89003,0,0,0,94.0997,15.9532,-32.7785
13.8,1.09774,0.0575455,1.07398,0,0,0,93.653,13.3872,-35.3213
13.9,2.00878,-0.91104,2.98888,0,0,0,88.1387,33.1182,-35.6141
14,1.36111,-1.25962,2.09747,0,0,0,75.8791,57.5276,-32.9677
14.1,0.442509,-0.190309,-0.270758,0,0,0,69.3241,67.9239,-28.0313
14.2,-0.355368,1.01084,-2.41252,0,0,0,78.8064,58.9266,-21.6552
14.3,-0.816883,0.883901,-2.94129,0,0,0,92.942,35.9732,-14.1968
14.4,-0.0308793,-0.343916,-1.12958,0,0,0,99.0059,18.9963,-5.91729
14.5,0.972567,-1.76472,1.20753,0,0,0,97.5256,25.4046,3.37171
14.6,0.834673,-2.51284,1.72158,0,0,0,86.8815,48.7659,13.8537
14.7,0.530481,-1.68519,0.42475,0,0,0,71.6906,66.5636,24.6471
14.8,0.71873,0.166195,-1.56734,0,0,0,67.9015,65.9772,35.023
14.9,0.60171,1.51411,-2.59113,0,0,0,76.2353,47.878,45.0868
15,0.308361,1.05481,-1.99987,0,0,0,81.4066,24.2084,54.3325
15.1,0.463442,-0.843132,-0.375363,0,0,0,78.4784,14.0207,62.0253
15.2,0.466738,-2.52548,0.887517,0,0,0,70.5992,22.6861,68.379
15.3,0.242159,-2.42272,0.951726,0,0,0,58.1132,36.8926,73.7508
15.4,0.58384,-0.453318,-0.123075,0,0,0,48.8378,41.4848,78.0967
15.5,0.939675,1.88683,-1.10693,0,0,0,50.2756,32.4772,81.2514
15.6,0.673357,2.65723,-0.948673,0,0,0,55.9647,13.8012,82.7373
15.7,0.526319,1.12636,-0.111199,0,0,0,58.6175,-2.68102,82.1805
15.8,0.55143,-1.39495,0.758153,0,0,0,61.4983,-5.42878,79.9486
15.9,0.31866,-2.71732,1.14762,0,0,0,65.2769,5.74401,76.7479
16,0.0744476,-1.64117,1.12476,0,0,0,67.1762,18.5762,73.0903
16.1,0.180483,0.936635,0.778274,0,0,0,71.6618,18.3537,68.7256
16.2,0.385337,2.83187,0.562983,0,0,0,78.913,0.207846,62.5866
16.3,0.555516,2.42554,0.756343,0,0,0,81.1991,-24.9836,54.2144
16.4,0.688278,0.00876862,0.997382,0,0,0,82.4676,-37.79,44.4023
16.5,0.559693,-2.40166,0.889449,0,0,0,90.5099,-28.3885,34.0354
16.6,0.348678,-2.78358,0.728415,0,0,0,97.6913,-3.8028,24.1272
16.7,0.165081,-0.856253,0.836854,0,0,0,98.8256,13.7326,15.7553
16.8,0.136652,1.72757,1.01397,0,0,0,100.239,7.34566,8.65508
16.9,0.373238,2.76975,0.995999,0,0,0,98.9105,-18.4384,1.89542
17,0.569837,1.39869,0.682038,0,0,0,92.031,-41.2107,-4.47885
17.1,0.526017,-1.16349,-0.0688005,0,0,0,91.0398,-42.6345,-9.70037
17.2,0.633965,-2.70688,-0.817553,0,0,0,97.4971,-21.5912,-12.7198
17.3,0.873038,-1.91536,-0.978437,0,0,0,99.8864,5.62567,-12.5677
17.4,0.586501,0.480949,-0.134921,0,0,0,99.3898,15.6259,-9.49583
17.5,0.302641,2.48512,0.813086,0,0,0,100.639,0.0511573,-4.76653
17.6,0.496075,2.55301,0.7482,0,0,0,96.9233,-27.4248,0.31506
17.7,0.443655,0.793364,-0.440866,0,0,0,91.3098,-42.9789,5.1806
17.8,0.274068,-1.17877,-1.96256,0,0,0,94.0022,-34.9477,10.7971
17.9,0.582857,-1.64877,-2.49932,0,0,0,98.4582,-9.87501,18.5771
18,0.720089,-0.22733,-1.53311,0,0,0,96.3925,10.2522,28.2577
18.1,0.531016,1.72896,0.353657,0,0,0,93.1071,7.21222,38.2697
18.2,0.813128,2.6065,1.57764,0,0,0,87.5191,-16.2662,46.9632
18.3,0.929081,1.81102,1.07013,0,0,0,75.8618,-40.1095,52.9973
18.4,-0.0682047,0.257713,-1.19117,0,0,0,68.8615,-47.6762,56.5664
18.5,-0.773817,-1.06031,-2.87598,0,0,0,72.5439,-37.5495,59.2527
18.6,-0.273721,-1.12741,-2.30889,0,0,0,77.1044,-20.0124,62.0031
18.7,0.456573,0.197929,-0.24591,0,0,0,76.8571,-13.0433,64.3199
18.8,1.29613,1.37511,2.02417,0,0,0,72.7381,-25.4891,65.0598
18.9,1.94806,1.06394,2.89719,0,0,0,62.3651,-47.4367,63.4011
19,1.08293,-0.00953287,1.0389,0,0,0,52.9553,-62.0475,59.6111
19.1,-0.39803,-0.81596,-1.86681,0,0,0,58.0518,-62.1311,54.4271
19.2,-0.614953,-1.3824,-2.84068,0,0,0,74.4823,-47.8842,48.0609
19.3,0.141222,-1.1845,-1.32478,0,0,0,87.1564,-30.8289,40.5699
19.4,0.753437,-0.556676,1.2807,0,0,0,90.8349,-30.485,31.9251
19.5,0.950331,-0.435187,2.95859,0,0,0,84.385,-50.3255,21.95
19.6,0.729801,-0.776882,2.25967,0,0,0,69.4977,-72.1531,11.2991
19.7,0.548436,-0.99406,-0.270781,0,0,0,62.5687,-79.3388,0.834851
19.8,0.793596,-0.874349,-2.56501,0,0,0,73.221,-68.5184,-9.71685
19.9,0.992502,-0.584109,-2.74695,0,0,0,87.647,-45.2313,-20.3941
20,0.66592,-0.716267,-0.682005,0,0,0,92.0264,-28.7829,-30.1956
20.1,-0.113587,-1.18081,1.91055,0,0,0,86.68,-34.2418,-38.6939
20.2,-0.769864,-1.10889,2.97878,0,0,0,72.2518,-52.9873,-46.0909
20.3,-0.166013,-0.564535,1.37572,0,0,0,56.8737,-65.0423,-52.34
20.4,1.40165,0.0952775,-1.65388,0,0,0,55.5718,-61.8132,-57.3931
20.5,1.98964,1.05319,-3.04058,0,0,0,66.9309,-44.3582,-60.8984
20.6,1.17207,1.12201,-1.69075,0,0,0,76.3172,-22.5571,-62.0713
20.7,0.275482,-0.0961179,0.773615,0,0,0,79.4492,-14.0975,-60.8941
20.8,-0.522283,-1.0846,2.71003,0,0,0,78.3702,-25.2281,-58.3759
20.9,-0.771636,-0.656908,2.76021,0,0,0,72.3237,-43.1679,-55.6603
21,0.233686,0.643315,0.585176,0,0,0,69.92,-50.2286,-52.9845
21.1,1.03924,1.99421,-1.51439,0,0,0,79.1295,-38.6407,-49.0873
21.2,0.742314,2.46042,-1.60733,0,0,0,90.3794,-12.8793,-42.476
21.3,0.543744,1.34969,-0.0405741,0,0,0,95.0321,7.58099,-33.3736
21.4,0.742898,-0.514431,1.90504,0,0,0,98.1022,4.8662,-23.3076
21.5,0.530563,-1.55571,2.61355,0,0,0,97.9567,-18.6616,-14.0217
21.6,0.314297,-0.724002,1.72368,0,0,0,91.7682,-41.5316,-6.96895
21.7,0.504185,1.26325,0.0311051,0,0,0,90.7199,-44.4875,-1.90979
21.8,0.404877,2.67041,-1.03238,0,0,0,97.5322,-25.0306,2.73604
21.9,0.240553,2.13318,-0.836619,0,0,0,100.561,1.71043,7.63159
22,0.703388,-0.0518201,0.392808,0,0,0,99.6673,12.1084,11.9433
22.1,0.933189,-2.21149,1.19047,0,0,0,99.7437,-3.16959,14.2896
22.2,0.621016,-2.50864,0.839713,0,0,0,94.9006,-31.0301,13.5329
22.3,0.534898,-0.626069,-0.0804844,0,0,0,88.5371,-47.7972,9.78642
22.4,0.522474,1.81663,-0.897635,0,0,0,92.0232,-41.2337,4.11878
22.5,0.240594,2.68267,-1.20359,0,0,0,99.3804,-16.013,-2.53621
22.6,0.0560225,1.16452,-1.09127,0,0,0,100.309,7.03458,-9.53498
22.7001,0.233663,-1.45674,-0.685424,0,0,0,99.273,7.78532,-17.0701
22.8001,0.423347,-2.96452,-0.539022,0,0,0,96.3955,-13.31,-26.0295
22.9001,0.591745,-2.05922,-0.796645,0,0,0,87.0347,-35.9396,-36.2599
23.0001,0.684922,0.548966,-1.01075,0,0,0,80.0621,-40.3845,-46.6053
23.1001,0.515216,2.67481,-0.874802,0,0,0,80.2177,-23.7564,-56.2526
23.2001,0.302401,2.54038,-0.758076,0,0,0,77.6318,1.45236,-64.3374
23.3001,0.138815,0.299459,-0.883689,0,0,0,70.8774,16.1081,-70.2442
23.4001,0.181602,-2.13247,-1.00053,0,0,0,66.9578,12.6306,-74.6205
23.5001,0.437072,-2.68545,-0.935616,0,0,0,63.7001,-1.09969,-78.3768
23.6001,0.577713,-0.91111,-0.551982,0,0,0,58.9801,-9.62828,-81.549
23.7001,0.519732,1.62825,0.226525,0,0,0,56.6238,-3.41996,-83.6045
23.8001,0.683008,2.75228,0.886471,0,0,0,54.1747,14.554,-83.8932
23.9001,0.855982,1.50967,0.867215,0,0,0,49.3739,31.8636,-82.1848
24.0001,0.494394,-0.98605,-0.090296,0,0,0,50.3799,38.1204,-78.9226
24.1001,0.331955,-2.69077,-0.863553,0,0,0,60.7327,30.8148,-74.5233
24.2001,0.527453,-2.3108,-0.567595,0,0,0,71.7169,16.5154,-69.1613
24.3001,0.383669,-0.339704,0.774795,0,0,0,78.3592,11.5387,-62.8131
24.4001,0.295895,1.4605,2.16546,0,0,0,80.4875,25.8733,-55.0032
24.5001,0.651016,1.5154,2.41054,0,0,0,74.6127,50.1084,-45.6522
24.6001,0.681539,-0.171541,1.17908,0,0,0,68.5164,65.2354,-35.5716
24.7001,0.540445,-2.04377,-0.678053,0,0,0,75.8504,61.6503,-25.0998
24.8001,0.893371,-2.58637,-1.60818,0,0,0,90.9519,40.7777,-14.2925
24.9001,0.800071,-1.52483,-0.691615,0,0,0,99.058,19.3112,-4.10615
25.0001,-0.307055,0.0751915,1.67763,0,0,0,99.2164,18.5191,4.83956
25.1001,-0.732653,1.24091,2.92009,0,0,0,91.8732,39.2515,12.906
25.2001,-0.107464,0.958735,1.95781,0,0,0,77.8153,61.0336,20.1595
25.3001,0.602914,-0.513348,-0.23758,0,0,0,71.7674,66.215,26.2829
25.4001,1.46883,-1.46883,-2.35228,0,0,0,80.8974,51.6848,30.7971
25.5001,1.90636,-0.883397,-2.72973,0,0,0,91.7714,25.9183,32.7409
25.6001,0.756467,0.19012,-0.425482,0,0,0,95.5066,9.99289,31.7347
25.7001,-0.563928,0.98657,2.26855,0,0,0,95.0859,18.0834,28.7475
25.8001,-0.479547,1.4462,2.68287,0,0,0,88.352,41.4836,25.2631
25.9001,0.3033,1.06496,0.81099,0,0,0,79.7456,58.0757,22.1593
26.0001,0.821568,0.455442,-1.76673,0,0,0,82.8342,54.719,18.659
26.1001,0.928751,0.453879,-3.02918,0,0,0,94.5319,32.226,12.9035
26.2001,0.669517,0.822882,-1.84883,0,0,0,100.61,7.13284,4.33635
26.3001,0.565786,1.00779,0.818915,0,0,0,100.905,2.14303,-5.60455
26.4001,0.862786,0.844961,2.8009,0,0,0,97.1984,21.9313,-14.8746
26.5001,0.979293,0.58725,2.46834,0,0,0,85.8936,48.2065,-21.6497
26.6001,0.535472,0.811411,0.118395,0,0,0,77.5131,59.7129,-25.6642
26.7001,-0.307115,1.20518,-2.32664,0,0,0,82.6539,50.4292,-28.5677
26.8001,-0.784294,0.97918,-2.88841,0,0,0,91.6052,27.8331,-31.7658
26.9001,0.124079,0.441865,-0.791566,0,0,0,94.1212,12.2923,-34.931
27.0001,1.66226,-0.256776,2.16375,0,0,0,91.9879,19.7794,-36.6904
27.1001,1.90873,-1.15539,2.97279,0,0,0,83.205,44.1686,-35.7685
27.2001,0.982201,-0.933287,1.23434,0,0,0,71.0338,64.3214,-32.0531
27.3001,0.103404,0.361482,-1.26215,0,0,0,70.9786,66.9479,-26.4618
27.4001,-0.669876,1.08576,-2.93029,0,0,0,84.7077,50.9503,-19.6093
27.5001,-0.656557,0.400185,-2.46667,0,0,0,96.3704,27.5897,-11.784
27.6001,0.488268,-0.933401,-0.0393928,0,0,0,99.248,19.1808,-3.12151
27.7001,1.05029,-2.18161,1.7333,0,0,0,94.4047,34.729,6.71831
27.8001,0.656954,-2.34014,1.42106,0,0,0,80.2015,58.4987,17.4986
27.9001,0.577862,-0.990319,-0.370125,0,0,0,67.9336,69.4018,28.1588
28.0001,0.744986,0.820699,-2.19328,0,0,0,70.5605,61.1395,38.4228
28.1001,0.461302,1.51373,-2.56717,0,0,0,79.6203,38.5883,48.3165
28.2001,0.342367,0.349335,-1.40317,0,0,0,81.3855,18.3873,57.04
28.3001,0.524039,-1.65222,0.290271,0,0,0,76.3409,16.4894,64.2011
28.4001,0.333711,-2.72623,1.1282,0,0,0,66.1782,29.7344,70.2123
28.5001,0.274843,-1.77444,0.666237,0,0,0,53.3627,41.3472,75.2403
28.6001,0.817852,0.551439,-0.654986,0,0,0,48.2373,40.3912,79.1879
28.7001,0.900308,2.45284,-1.22683,0,0,0,52.9495,26.5419,81.7925
28.8001,0.578686,2.26592,-0.702316,0,0,0,57.8694,6.91537,82.5027
28.9001,0.545181,0.104617,0.277253,0,0,0,60.096,-4.93219,81.2194
29.0001,0.476489,-2.16593,1.02202,0,0,0,63.6553,-1.19914,78.5345
29.1001,0.164025,-2.54097,1.24441,0,0,0,66.3669,12.7131,75.1468
29.2001,0.0615339,-0.640168,1.03011,0,0,0,68.3589,21.6827,71.3434
29.3001,0.289401,1.92586,0.59306,0,0,0,74.7731,13.9707,66.4504
29.4001,0.457569,2.9905,0.532933,0,0,0,80.915,-9.28989,59.4129
29.5001,0.625093,1.61851,0.844273,0,0,0,81.6753,-31.6612,50.339
29.6001,0.670052,-1.08514,1.01897,0,0,0,85.5704,-35.7845,40.1992
29.7001,0.467664,-2.84832,0.867285,0,0,0,94.5482,-18.1974,29.8686
29.8001,0.256676,-2.20365,0.793848,0,0,0,98.6288,6.55729,20.5414
29.9001,0.128449,0.266518,0.914315,0,0,0,99.165,15.3494,12.8572
30.0001,0.237251,2.45367,0.972997,0,0,0,100.677,-0.783817,6.0236
30.1001,0.492183,2.49654,0.867256,0,0,0,96.7312,-28.4936,-0.611395
30.2001,0.573349,0.387263,0.412455,0,0,0,90.8883,-43.9544,-6.59975
30.3001,0.523371,-2.03344,-0.36986,0,0,0,93.9367,-35.388,-11.0408
30.4001,0.731534,-2.6938,-0.926504,0,0,0,99.577,-8.8831,-12.7961
30.5001,0.813326,-1.04688,-0.719719,0,0,0,99.5396,13.7324,-11.2931
30.6001,0.42086,1.46066,0.292296,0,0,0,99.9866,13.071,-7.32613
30.7001,0.377761,2.80452,0.866454,0,0,0,100.254,-10.1275,-2.25832
30.8001,0.535324,1.99469,0.346073,0,0,0,94.5478,-35.4409,2.79341
30.9001,0.323894,-0.113082,-1.10283,0,0,0,91.7854,-41.8436,7.84512
31.0001,0.342617,-1.66918,-2.312,0,0,0,96.6526,-25.0397,14.3046
31.1001,0.703049,-1.30183,-2.2611,0,0,0,98.2357,1.07624,23.0527
31.2001,0.633726,0.585503,-0.805334,0,0,0,94.7145,12.9094,33.0984
31.3001,0.576051,2.30698,0.954093,0,0,0,91.3956,-0.0333484,42.7889
31.4001,0.952902,2.49405,1.56094,0,0,0,83.1154,-26.4645,50.534
31.5001,0.617679,1.21013,0.248149,0,0,0,71.6933,-44.8342,55.4641
31.6001,-0.504845,-0.403052,-2.0996,0,0,0,69.334,-44.7498,58.507
31.7001,-0.638309,-1.35587,-2.86211,0,0,0,74.6244,-29.8087,61.2135
31.8001,0.0518434,-0.72703,-1.56225,0,0,0,77.0348,-14.6002,63.9135
31.9001,0.751253,0.815134,0.710253,0,0,0,75.2781,-15.5692,65.7354
32.0001,1.62709,1.49654,2.60616,0,0,0,68.8264,-33.8984,65.5604
32.1001,1.79151,0.68082,2.44343,0,0,0,57.2166,-54.4642,62.9691
32.2001,0.425861,-0.369715,-0.19878,0,0,0,52.6883,-63.5035,58.5771
32.3001,-0.657371,-1.15554,-2.55964,0,0,0,63.971,-57.4541,52.9439
32.4001,-0.315407,-1.46407,-2.42741,0,0,0,80.4043,-39.9118,46.1383
32.5001,0.444158,-0.924755,-0.271329,0,0,0,89.4596,-27.7691,38.2327
32.6001,0.870123,-0.37405,2.19351,0,0,0,89.4774,-36.7245,29.0651
32.7001,0.893183,-0.487671,2.99276,0,0,0,78.6675,-60.1697,18.6913
32.8001,0.617273,-0.869637,1.37422,0,0,0,64.7317,-77.2347,8.07127
32.9001,0.601721,-1.01853,-1.33618,0,0,0,65.3108,-77.1327,-2.36957
33.0001,0.926342,-0.813507,-2.93577,0,0,0,80.0602,-59.8084,-13.0746
33.1001,0.941188,-0.606671,-2.10138,0,0,0,91.1854,-36.4694,-23.5548
33.2001,0.380625,-0.904393,0.451561,0,0,0,91.4121,-28.3276,-32.8533
33.3001,-0.489922,-1.18949,2.66378,0,0,0,82.3411,-41.6048,-40.9307
33.4001,-0.728806,-0.841431,2.67411,0,0,0,65.6685,-59.8902,-47.9201
33.5001,0.445152,-0.329419,0.16491,0,0,0,54.6592,-66.0971,-53.7307
33.6001,1.86436,0.42472,-2.57952,0,0,0,60.0091,-56.6546,-58.276
33.7001,1.77854,1.20748,-2.79544,0,0,0,72.2448,-35.3723,-60.9389
33.8001,0.795109,0.705118,-0.742665,0,0,0,78.8344,-16.951,-61.0924
33.9001,-0.0742557,-0.589774,1.72281,0,0,0,80.2766,-16.9071,-59.2102
34.0001,-0.782832,-1.01696,3.05849,0,0,0,76.8425,-33.2978,-56.4908
34.1001,-0.477803,-0.128065,2.07218,0,0,0,70.478,-48.6723,-53.8508
34.2001,0.711559,1.21031,-0.477877,0,0,0,72.6873,-48.5463,-50.9102
34.3,1.01442,2.31786,-1.86214,0,0,0,84.6283,-29.7567,-46.0331
34.4,0.589216,2.15771,-1.16889,0,0,0,93.344,-3.21831,-38.2714
34.5,0.624585,0.620816,0.790806,0,0,0,96.6519,9.0865,-28.5606
34.6,0.723566,-1.0721,2.42156,0,0,0,99.1437,-3.77362,-18.593
34.7,0.403273,-1.39106,2.45294,0,0,0,95.735,-30.1759,-10.1272
34.8,0.385764,0.0534396,1.05133,0,0,0,89.8473,-46.4266,-4.08243
34.9,0.518088,1.99434,-0.577763,0,0,0,92.9424,-39.6805,0.565055
35,0.264083,2.69041,-1.17213,0,0,0,99.643,-14.5527,5.2807
35.1,0.346476,1.36138,-0.444923,0,0,0,100.329,8.0321,10.0478
35.2,0.913238,-1.02732,0.891548,0,0,0,99.9262,7.83388,13.6941
35.3,0.848247,-2.60103,1.2183,0,0,0,98.5708,-15.2573,14.8215
35.4,0.549387,-1.94006,0.539657,0,0,0,91.3862,-41.173,12.7089
35.5,0.551104,0.416377,-0.472046,0,0,0,88.2302,-48.9758,8.01177
35.6,0.41479,2.42805,-1.13054,0,0,0,95.2082,-33.3727,1.81071
35.7,0.0957264,2.29849,-1.26615,0,0,0,100.611,-5.96694,-5.08339
35.8,0.0905933,0.0902085,-0.942683,0,0,0,100.026,9.54969,-12.2754
35.9,0.341839,-2.32568,-0.509524,0,0,0,98.9482,0.0129496,-20.3731
36,0.489282,-2.90964,-0.545163,0,0,0,93.0643,-24.7518,-30.0166
36.1,0.653659,-1.12195,-0.895821,0,0,0,82.9141,-41.4823,-40.4576
36.2,0.64429,1.57763,-1.02276,0,0,0,79.4084,-36.8136,-50.6211
36.3,0.418076,2.91552,-0.867738,0,0,0,79.966,-14.4924,-59.7957
36.4,0.214572,1.78763,-0.830771,0,0,0,75.1508,8.46456,-67.0694
36.5,0.1356,-0.818039,-0.926314,0,0,0,69.0947,15.7277,-72.2971
36.6,0.298245,-2.6784,-0.93581,0,0,0,65.9345,6.45254,-76.4206
36.7,0.535781,-2.21224,-0.790526,0,0,0,61.5081,-6.9656,-80.0305
36.8,0.560592,0.150388,-0.267724,0,0,0,57.2965,-9.93531,-82.8659
36.9,0.538502,2.36217,0.49481,0,0,0,55.7477,2.06245,-84.3193
37,0.773012,2.53453,0.935485,0,0,0,52.2358,21.4495,-83.8308
37.1,0.749527,0.546405,0.544256,0,0,0,48.7481,35.0949,-81.4703
37.2,0.372998,-1.88604,-0.459739,0,0,0,53.9431,35.7902,-77.7589
37.3,0.430067,-2.82231,-0.82409,0,0,0,65.5915,24.162,-72.998
37.4,0.518199,-1.61937,-0.0895961,0,0,0,74.6518,11.6128,-67.3216
37.5,0.275321,0.546376,1.40912,0,0,0,79.797,14.283,-60.5098
37.6,0.408487,1.79474,2.39968,0,0,0,79.1119,34.8353,-52.0668
37.7,0.732969,1.01896,2.0558,0,0,0,71.5266,57.4722,-42.336
37.8,0.586924,-0.997527,0.429659,0,0,0,70.0826,65.5814,-32.1039
37.9,0.634319,-2.50695,-1.1734,0,0,0,82.4456,54.0868,-21.4316
38,0.977766,-2.33577,-1.43326,0,0,0,95.7431,30.0278,-10.7344
38.1,0.395062,-0.876273,0.237485,0,0,0,100.098,15.1034,-1.06628
38.2,-0.643589,0.71304,2.43278,0,0,0,97.7314,24.5309,7.45547
38.3,-0.506967,1.3956,2.71496,0,0,0,86.9641,48.7992,15.2218
38.4,0.199687,0.446653,1.13635,0,0,0,74.157,65.2383,22.0644
38.5,0.90405,-1.08574,-1.15772,0,0,0,74.7947,62.2551,27.6294
38.6,1.75715,-1.45912,-2.77165,0,0,0,86.6299,41.1825,31.2143
38.7,1.60678,-0.46836,-2.04971,0,0,0,94.5058,16.5306,31.8992
38.8,0.114907,0.551159,0.799093,0,0,0,96.2537,9.81827,29.8807
38.9,-0.677869,1.31142,2.73138,0,0,0,93.763,26.5377,26.4767
39,-0.139354,1.43406,2.09023,0,0,0,84.7767,49.9247,23.0716
39.1,0.561377,0.775066,-0.274898,0,0,0,79.6577,59.2817,19.9605
39.2,0.900797,0.315971,-2.54457,0,0,0,87.8188,47.3182,15.714
39.3,0.846754,0.533514,-2.85177,0,0,0,98.3147,20.8438,8.71816
39.4,0.577342,0.916628,-0.855868,0,0,0,101.2,1.74707,-0.665548
39.5,0.653839,1.02465,1.80232,0,0,0,100.234,7.73829,-10.5966
39.6,0.978241,0.78223,2.96474,0,0,0,93.2791,33.2321,-19.0285
39.7,0.876854,0.642363,1.66105,0,0,0,81.0055,55.3583,-24.5736
39.8,0.204811,0.985702,-1.00761,0,0,0,77.8569,58.4322,-27.8741
39.9,-0.646567,1.13492,-2.90568,0,0,0,86.4429,42.1635,-30.7942
40,-0.602831,0.707763,-2.34292,0,0,0,93.1388,19.7375,-34.0771
40.1,0.777789,0.221576,0.473653,0,0,0,93.4839,12.7394,-36.8285
40.2,1.9978,-0.592374,2.88316,0,0,0,89.0957,29.0971,-37.5872
40.3,1.61361,-1.20337,2.52297,0,0,0,77.4227,54.2633,-35.4449
40.4,0.611548,-0.452141,0.230403,0,0,0,68.3774,68.0413,-30.8478
40.5,-0.2548,0.767309,-2.14171,0,0,0,75.2189,62.8597,-24.7072
40.6,-0.846319,0.886496,-3.08221,0,0,0,90.2141,41.696,-17.4191
40.7,-0.249914,-0.147854,-1.59735,0,0,0,98.3707,21.9155,-9.25016
40.7999,0.887701,-1.46974,0.941673,0,0,0,98.3699,23.6372,-0.126516
40.8999,0.944424,-2.39578,1.90308,0,0,0,89.4584,45.4365,10.2274
40.9999,0.546102,-1.92188,0.858329,0,0,0,73.7434,65.834,21.0925
41.0999,0.673993,-0.254512,-1.20413,0,0,0,67.0095,69.0166,31.5815
41.1999,0.681119,1.25833,-2.58321,0,0,0,74.5209,53.8324,41.7729
41.2999,0.363589,1.19458,-2.2737,0,0,0,81.7752,29.6853,51.3636
41.3999,0.434932,-0.468954,-0.682759,0,0,0,80.3948,15.8263,59.5101
41.4999,0.485587,-2.27632,0.824255,0,0,0,73.333,21.6687,66.2272
41.5999,0.207595,-2.56499,1.16141,0,0,0,61.0188,36.4582,71.9131
41.6999,0.451367,-0.909206,0.181638,0,0,0,49.905,43.6182,76.5732
41.7999,0.979269,1.46345,-1.08856,0,0,0,49.5146,37.1335,80.0851
41.8999,0.785378,2.65106,-1.16867,0,0,0,55.7458,19.5296,82.0387
41.9999,0.533508,1.54444,-0.355273,0,0,0,59.3867,1.33231,81.9477
42.0999,0.546987,-0.917476,0.65911,0,0,0,61.921,-4.468,80.0347
42.1999,0.340318,-2.59326,1.22344,0,0,0,65.453,4.89609,77.0165
42.2999,0.0425589,-1.96511,1.26413,0,0,0,67.0109,18.836,73.5101
42.3999,0.139481,0.465233,0.833755,0,0,0,70.3654,21.9104,69.4564
42.4999,0.387454,2.64322,0.441046,0,0,0,77.9984,6.84365,63.8363
42.5999,0.520122,2.72597,0.575096,0,0,0,82.0108,-18.6688,55.9068
42.6999,0.675358,0.587591,0.948011,0,0,0,82.883,-35.2059,46.2873
42.7999,0.608877,-2.0094,1.02363,0,0,0,89.6189,-29.9791,35.9493
42.8999,0.367316,-2.87488,0.875818,0,0,0,97.3284,-6.67263,25.884
42.9999,0.179784,-1.30729,0.863364,0,0,0,98.7478,14.0749,17.2799
43.0999,0.159513,1.33595,0.920178,0,0,0,99.9109,12.6129,10.1327
43.1999,0.36021,2.79994,0.892361,0,0,0,100.246,-10.9513,3.43615
43.2999,0.566491,1.84371,0.704468,0,0,0,94.3075,-36.3854,-3.00057
43.3999,0.544139,-0.68322,0.121941,0,0,0,91.5267,-42.5844,-8.46138
43.4999,0.564716,-2.60358,-0.59973,0,0,0,97.1162,-24.9474,-11.9192
43.5999,0.801492,-2.28078,-0.911832,0,0,0,100.223,3.1452,-12.2988
43.6999,0.672119,-0.0244515,-0.351106,0,0,0,99.298,17.741,-9.59493
43.7999,0.352755,2.24901,0.587163,0,0,0,100.748,6.57831,-4.96731
43.8999,0.479466,2.74484,0.738492,0,0,0,98.8051,-20.6608,0.251183
43.9999,0.478408,1.19799,-0.195408,0,0,0,92.8252,-40.1645,5.27779
44.0999,0.246555,-0.946162,-1.68258,0,0,0,93.6936,-36.7098,10.7745
44.1999,0.485571,-1.83231,-2.4291,0,0,0,98.3595,-13.4684,18.2275
44.2999,0.738484,-0.677707,-1.79983,0,0,0,96.8475,9.43165,27.7332
44.3999,0.55063,1.39525,-0.0655538,0,0,0,93.2263,11.2284,37.851
44.4999,0.70844,2.63698,1.33222,0,0,0,88.8364,-9.57187,46.9586
44.5999,0.956837,2.11884,1.22353,0,0,0,78.1413,-35.1047,53.6093
44.6999,0.149503,0.527946,-0.74215,0,0,0,69.2565,-46.3812,57.6162
44.7999,-0.715237,-0.993513,-2.6657,0,0,0,71.0622,-39.3123,60.4098
44.8999,-0.354187,-1.35631,-2.49194,0,0,0,75.8837,-22.1044,63.1764
44.9999,0.33712,-0.13111,-0.688676,0,0,0,76.2157,-12.1314,65.6661
45.0999,1.06341,1.31295,1.57154,0,0,0,72.9986,-21.1079,66.8072
45.1999,1.84601,1.36172,2.8383,0,0,0,63.9645,-42.511,65.6577
45.2999,1.36075,0.252563,1.56363,0,0,0,53.3943,-59.3771,62.2662
45.3999,-0.158006,-0.737902,-1.34977,0,0,0,55.3237,-62.4776,57.3758
45.4999,-0.632365,-1.44298,-2.78499,0,0,0,70.6875,-50.786,51.2979
45.5999,0.0356313,-1.35849,-1.68443,0,0,0,84.8981,-32.9428,44.0747
45.6999,0.656215,-0.625079,0.81393,0,0,0,90.4004,-28.5044,35.7231
45.7999,0.915482,-0.282263,2.80982,0,0,0,86.3203,-45.4975,26.0244
45.8999,0.792777,-0.5891,2.61154,0,0,0,72.3849,-68.7469,15.4273
45.9999,0.552905,-0.96371,0.310084,0,0,0,62.7235,-79.4073,4.90341
46.0999,0.718842,-1.02442,-2.20373,0,0,0,70.7122,-72.0109,-5.62888
46.1999,1.01325,-0.753741,-2.88726,0,0,0,86.1666,-49.9342,-16.4048
46.2999,0.785025,-0.692607,-1.16073,0,0,0,92.8822,-30.4052,-26.5126
46.3999,0.0124725,-1.04667,1.53461,0,0,0,89.4092,-31.721,-35.3217
46.4999,-0.762643,-1.04682,3.04014,0,0,0,76.5916,-49.8639,-43.0086
46.5999,-0.410861,-0.586308,1.90609,0,0,0,60.0459,-64.688,-49.5706
46.6999,1.10496,-0.110787,-1.0983,0,0,0,55.458,-64.5817,-54.9391
46.7999,2.05917,0.750897,-3.06588,0,0,0,65.6803,-49.3392,-58.8638
46.8999,1.42634,1.14152,-2.16929,0,0,0,76.4582,-26.7435,-60.5535
46.9999,0.428924,0.188715,0.291752,0,0,0,80.5551,-14.5634,-59.7623
47.0999,-0.432905,-0.884876,2.50717,0,0,0,80.2404,-22.6903,-57.3784
47.1999,-0.848624,-0.70589,2.99276,0,0,0,74.5215,-41.2308,-54.6259
47.2999,0.00838785,0.4212,1.06604,0,0,0,70.0769,-51.551,-52.0108
47.3998,1.00828,1.70742,-1.33558,0,0,0,77.2703,-43.6719,-48.5157
47.4998,0.854289,2.4111,-1.86025,0,0,0,89.4701,-19.4135,-42.4816
47.5998,0.530344,1.64192,-0.496854,0,0,0,95.345,3.9725,-33.7364
47.6998,0.716466,-0.0973166,1.59488,0,0,0,98.2643,6.17911,-23.7004
47.7998,0.623264,-1.37248,2.67485,0,0,0,98.8741,-14.8209,-14.1435
47.8998,0.346284,-0.933077,2.03333,0,0,0,92.751,-39.8231,-6.68773
47.9998,0.479539,0.883646,0.311173,0,0,0,89.5981,-47.3696,-1.47027
48.0998,0.429514,2.4877,-1.02576,0,0,0,95.8931,-31.7153,3.03456
48.1998,0.175382,2.35516,-1.0927,0,0,0,100.656,-4.56352,7.81621
48.2998,0.580353,0.431939,0.110691,0,0,0,100.094,10.3447,12.2585
48.3998,1.01073,-1.84586,1.23721,0,0,0,100.029,-0.443034,15.0024
48.4998,0.719795,-2.60168,1.08145,0,0,0,95.958,-27.7527,14.7825
48.5998,0.529083,-1.09346,0.153102,0,0,0,88.447,-48.0641,11.4491
48.6998,0.528285,1.38102,-0.834222,0,0,0,89.9177,-46.1789,5.99665
48.7998,0.257267,2.65544,-1.30047,0,0,0,98.1877,-23.4726,-0.609775
48.8998,0.0108587,1.5532,-1.23337,0,0,0,100.891,1.94761,-7.67831
48.9998,0.201732,-1.00714,-0.711025,0,0,0,99.9014,7.67947,-15.1845
49.0998,0.42495,-2.86842,-0.391963,0,0,0,97.5875,-10.4328,-23.9673
49.1998,0.551295,-2.4463,-0.621459,0,0,0,88.6308,-34.6602,-34.1303
49.2998,0.687948,-0.0341284,-0.997833,0,0,0,80.0442,-43.2965,-44.5781
49.3998,0.565312,2.36545,-1.02341,0,0,0,79.6641,-30.2424,-54.4626
49.4998,0.31656,2.72799,-0.89002,0,0,0,78.8366,-5.17112,-63.0216
49.5998,0.156145,0.779596,-0.886311,0,0,0,72.6397,12.7022,-69.4757
49.6998,0.197423,-1.80198,-0.898597,0,0,0,67.8742,12.4856,-74.2044
49.7998,0.419484,-2.81456,-0.844634,0,0,0,64.3697,-0.419159,-78.1657
49.8998,0.583838,-1.40473,-0.608479,0,0,0,59.1598,-10.9281,-81.5669
49.9998,0.528817,1.19223,0.020255,0,0,0,56.2014,-7.66368,-83.9644
50.0998,0.59987,2.74883,0.683295,0,0,0,54.6353,8.77465,-84.7248
50.1998,0.812022,1.94189,0.854451,0,0,0,50.411,27.2915,-83.479
50.2998,0.590911,-0.501458,0.152784,0,0,0,49.7895,36.1504,-80.5599
50.3998,0.358125,-2.53682,-0.671999,0,0,0,58.5462,31.3093,-76.4444
50.4998,0.517408,-2.57577,-0.611005,0,0,0,69.6905,17.3178,-71.3558
50.5998,0.421785,-0.745533,0.49924,0,0,0,76.9137,9.41263,-65.3407
50.6998,0.243323,1.29737,1.91368,0,0,0,80.4391,20.1848,-57.9648
50.7998,0.564551,1.77978,2.40094,0,0,0,76.6005,44.1291,-48.9354
50.8998,0.720908,0.291395,1.50134,0,0,0,69.7018,62.3399,-38.9517
50.9998,0.532839,-1.76487,-0.273354,0,0,0,74.2598,62.6253,-28.5451
51.0998,0.788311,-2.69187,-1.42622,0,0,0,89.0247,44.1914,-17.7393
51.1998,0.882475,-1.85223,-0.933381,0,0,0,98.7578,20.8388,-7.36675
51.2998,-0.0966057,-0.171381,1.23699,0,0,0,100.192,15.2099,1.76764
51.3998,-0.719154,1.2296,2.79324,0,0,0,94.9052,33.2027,9.95332
51.4998,-0.194133,1.23854,2.20608,0,0,0,81.7054,56.9817,17.3921
51.5998,0.467164,-0.203382,0.229983,0,0,0,73.0326,66.2013,23.7744
51.6998,1.22735,-1.48497,-1.94016,0,0,0,79.811,55.1285,28.6605
51.7998,1.88007,-1.21296,-2.79614,0,0,0,91.3624,29.8699,31.13
51.8998,1.0686,-0.0376273,-1.00832,0,0,0,96.0994,10.2518,30.5811
51.9998,-0.375811,0.929237,1.82504,0,0,0,96.4309,13.7935,27.7749
52.0998,-0.53246,1.53859,2.72568,0,0,0,91.1968,36.2207,24.1905
52.1998,0.198892,1.24328,1.22431,0,0,0,81.83,55.9645,20.9232
52.2998,0.730614,0.483718,-1.32876,0,0,0,82.0058,56.9029,17.5536
52.3998,0.915424,0.272951,-2.97946,0,0,0,93.0528,37.2913,12.2688
52.4998,0.735163,0.652247,-2.28102,0,0,0,100.494,10.714,4.11143
52.5998,0.546566,1.00997,0.243591,0,0,0,101.21,0.774186,-5.76062
52.6998,0.791979,1.01636,2.52616,0,0,0,98.4807,16.7611,-15.3336
52.7998,1.02643,0.731377,2.7056,0,0,0,88.1701,43.8356,-22.6711
52.8998,0.665381,0.753566,0.617126,0,0,0,77.7305,59.2041,-27.0987
52.9998,-0.188258,1.07927,-2.01463,0,0,0,80.3163,53.9072,-30.0197
53.0998,-0.824424,0.934427,-3.05638,0,0,0,89.7255,32.8489,-33.0794
53.1998,-0.162598,0.481529,-1.38161,0,0,0,93.5519,14.4277,-36.2852
53.2998,1.40861,-0.009036,1.68097,0,0,0,92.1649,17.2941,-38.3762
53.3998,2.04994,-0.888479,3.12382,0,0,0,84.7197,39.8504,-37.9794
53.4998,1.22739,-1.02461,1.74935,0,0,0,71.9468,62.201,-34.716
53.5998,0.244805,0.0691314,-0.810942,0,0,0,68.6492,68.5885,-29.4122
53.6998,-0.598632,0.936237,-2.8046,0,0,0,80.9783,56.0555,-22.7793
53.7998,-0.782745,0.489112,-2.78673,0,0,0,94.4975,32.7014,-15.0981
53.8997,0.274881,-0.687688,-0.507269,0,0,0,99.1811,20.0764,-6.56581
53.9997,1.07054,-1.91618,1.64708,0,0,0,96.0192,31.6485,3.0888
54.0997,0.758236,-2.36205,1.73814,0,0,0,83.0714,55.7822,13.8191
54.1997,0.540884,-1.32887,0.0953125,0,0,0,68.8854,70.1488,24.596
54.2997,0.743753,0.42213,-1.94742,0,0,0,68.8212,65.5788,34.9557
54.3997,0.557983,1.40963,-2.69426,0,0,0,78.5329,44.9069,45.0461
54.4997,0.35195,0.617853,-1.73875,0,0,0,82.5364,22.5701,54.1904
54.5997,0.509736,-1.28265,0.0490462,0,0,0,78.63,16.7561,61.7802
54.6997,0.356339,-2.61924,1.17869,0,0,0,69.2582,28.4549,68.1266
54.7997,0.177201,-2.06953,0.963323,0,0,0,55.8305,41.8174,73.472
54.8997,0.71961,0.0549892,-0.41424,0,0,0,48.3739,43.6062,77.744
54.9997,1.00742,2.16035,-1.33292,0,0,0,52.1,31.9549,80.7529
55.0997,0.658744,2.455,-0.959881,0,0,0,58.1541,12.3097,81.9596
55.1997,0.532094,0.604322,0.0612309,0,0,0,60.841,-2.15176,81.097
55.2997,0.492181,-1.78903,0.99406,0,0,0,63.944,-1.32331,78.6698
55.3997,0.17136,-2.61163,1.35993,0,0,0,66.5868,11.8813,75.43
55.4997,0.00549696,-1.07866,1.17022,0,0,0,67.7792,23.1006,71.8152
55.5997,0.26928,1.51598,0.584375,0,0,0,73.283,19.0185,67.3349
55.6997,0.454946,2.9935,0.364927,0,0,0,80.6948,-2.18271,60.8374
55.7997,0.58312,2.08095,0.682074,0,0,0,82.6359,-26.5444,52.1122
55.8997,0.689426,-0.517908,1.04274,0,0,0,85.3204,-35.0392,42.093
55.9997,0.515329,-2.63248,1.02389,0,0,0,93.706,-20.9229,31.7178
56.0997,0.267745,-2.48011,0.907642,0,0,0,98.5991,4.46347,22.1614
56.1997,0.14683,-0.224077,0.895351,0,0,0,98.8481,17.7237,14.2954
56.2997,0.245316,2.19881,0.86559,0,0,0,100.739,6.01496,7.49259
56.3997,0.47308,2.72211,0.793285,0,0,0,98.7444,-21.4747,0.892745
56.4997,0.588502,0.911991,0.502959,0,0,0,92.6037,-40.9816,-5.22931
56.5997,0.518927,-1.65847,-0.154264,0,0,0,93.7547,-37.1091,-9.99355
56.6997,0.640304,-2.79216,-0.744227,0,0,0,99.506,-12.5601,-12.2627
56.7997,0.80164,-1.53048,-0.7639,0,0,0,99.8651,12.8256,-11.2593
56.8997,0.516188,1.0131,0.0376116,0,0,0,99.651,17.29,-7.55991
56.9997,0.383811,2.73878,0.713972,0,0,0,101.017,-2.75726,-2.49088
57.0997,0.537074,2.32224,0.443088,0,0,0,96.6531,-29.8619,2.74585
57.1997,0.357158,0.278079,-0.809558,0,0,0,92.4842,-40.9762,7.86879
57.2997,0.267441,-1.58565,-2.09583,0,0,0,96.1848,-28.0979,14.0843
57.3997,0.635993,-1.63902,-2.31631,0,0,0,98.5601,-1.92194,22.5307
57.4997,0.685248,0.125338,-1.1714,0,0,0,95.0197,14.0683,32.516
57.5997,0.53853,2.0929,0.575494,0,0,0,91.7565,5.62957,42.4354
57.6997,0.861504,2.66971,1.45124,0,0,0,85.1117,-19.877,50.7156
57.7997,0.752707,1.5454,0.569552,0,0,0,73.5272,-41.2124,56.2445
57.8997,-0.319555,-0.185876,-1.69242,0,0,0,68.7756,-44.8481,59.5898
57.9997,-0.662571,-1.40673,-2.81828,0,0,0,73.0958,-32.1321,62.3337
58.0997,-0.0376434,-1.04783,-1.86928,0,0,0,76.1202,-15.738,65.0987
58.1997,0.594542,0.539963,0.228844,0,0,0,74.8769,-13.0167,67.1917
58.2997,1.39016,1.59315,2.25176,0,0,0,69.7345,-28.7582,67.4942
58.3997,1.84852,1.02402,2.63928,0,0,0,58.788,-50.1773,65.392
58.4997,0.75016,-0.175646,0.412011,0,0,0,51.876,-61.958,61.3455
58.5997,-0.526461,-1.12051,-2.20459,0,0,0,60.3758,-58.9931,56.0036
58.6997,-0.393262,-1.58906,-2.56299,0,0,0,77.0506,-43.006,49.4846
58.7997,0.34339,-1.09707,-0.724321,0,0,0,87.9039,-28.3726,41.8538
58.8997,0.78719,-0.358462,1.80252,0,0,0,89.9184,-33.0593,33.0018
58.9997,0.90169,-0.286838,3.047,0,0,0,81.4154,-55.3294,22.8375
59.0997,0.678191,-0.721162,1.87253,0,0,0,66.8925,-75.0843,12.1934
59.1997,0.55983,-1.05385,-0.785503,0,0,0,64.0358,-78.6188,1.726
59.2997,0.867392,-0.999792,-2.758,0,0,0,77.5003,-64.2698,-8.96843
59.3997,1.01376,-0.718397,-2.42573,0,0,0,90.6699,-40.3839,-19.6451
59.4997,0.518676,-0.819323,-0.0480422,0,0,0,93.0116,-28.0274,-29.2729
59.5997,-0.386232,-1.07792,2.42984,0,0,0,85.8873,-38.1553,-37.6412
59.6997,-0.821865,-0.80955,2.94857,0,0,0,70.0407,-57.561,-44.9325
59.7997,0.128625,-0.393136,0.792038,0,0,0,56.5481,-67.0012,-51.0559
59.8997,1.67208,0.14121,-2.19553,0,0,0,58.9814,-60.5208,-55.9457
59.9997,-0.00132704,-0.00132704,-0.00132704,-0.00132704,-0.00132704,-0.00132704,-0.00132704,-0.00132704,-0.00132704
